,time,author,comment,header
0,11月05日 ,黑龙江股友,"新中国成立70年，中国从封闭走向开放，从农业为主到百业兴旺，70年来，中国经济高速发展，商业社会迎来巨变，我们的生活也发生了质的飞跃，各行各业涌现了许多受到消费者喜爱的民族品牌，创立于1994年的<span class=""showStock"" id=""stock_sh603833"">欧派家居</span><span id=""quote_sh603833""></span>就是其中之一。欧派第一套橱柜诞生，开始改变中国人对厨房的认知，掀起中国“厨房革命”风暴。同时，欧派在90年代初就极具前瞻性地将“欧洲品质中国价”作为服务承诺，严格按照国际制造协会制定的各项标准质量，以国际化样板为参照，一步步夯实中国家居制造的实力，提高生产标准，为中国家庭带来更多优质家居产品。目前，<span class=""showStock"" id=""stock_sh603833"">欧派家居</span><span id=""quote_sh603833""></span>拥有国际化家居产品制造基地。欧派以整体橱柜为龙头，带动相关产业发展，包括全屋定制、衣柜、卫浴、木门、墙饰壁纸、厨房电器、寝具等，形成多元化产业格局。作为<span class=""showStock"" id=""stock_sh603833"">欧派家居</span><span id=""quote_sh603833""></span>集团的创始人，姚良松从创立之初，就将“把欧派打造成一个受人尊敬、受人爱戴的中国著名的、有一定国际影响力的创意家居集团”设为<span class=""showStock"" id=""stock_sh603833"">欧派家居</span><span id=""quote_sh603833""></span>的品牌愿景。在姚良松看来，欧派集团的目标是要做“世界的欧派”，成为“百年老店”。2014年，欧派率先提出了大家居战略，施行“全屋定制一家搞定”的承诺，2015年，欧派启动《欧派制造2025》战略计划，融合互联网、大数据与人工智能制造，将家具定制引入智能时代，欧派创建的AI工厂不断刷新定制家居产品的生产速度新纪录。对于定制家居行业的发展，姚良松认为，未来十年，所有还存世的企业，全都是一流的信息化企业。每个企业都要充分地重视信息化、智能化，让消费者拥有更便利、更舒服的体验，才是关键中的关键。11月1日，欧派董事长姚良松接受媒体采访，分享对目前市场态势情况的看法及欧派未来的发展规划，以下为访谈实录：顺应时代发展，满足消费者需求，企业才能长足发展【记者】：随着百姓生活水平的提高，中产群体、富裕人群数量的增多，消费升级趋势明显，近年来，定制家居行业也经历了简欧、新中式、轻奢、意式极简等风格的转换。您怎么理解消费升级，<span class=""showStock"" id=""stock_sh603833"">欧派家居</span><span id=""quote_sh603833""></span>是如何应对的？【<span class=""showStock"" id=""stock_sh603833"">欧派家居</span><span id=""quote_sh603833""></span>姚良松】：随着人们生活水平的提高，消费升级趋势明显，每一个行业的发展，必然要顺应时代的要求。企业更应该紧跟社会的发展，深入了解消费者的需求，从而满足消费者，定制家居行业也不例外。以鞋为例，小时候所有人穿的鞋都是同一种鞋――黄色的军鞋，后来随着生活水平的提高，市场上鞋的种类也日渐丰富了起来，老人的、大人的、青年的、小孩的，不同年龄、不同款式、不同材质、不同材质，琳琅满目，应有尽有，而随着消费的进一步升级，人们选择鞋已经不再满足款式、材质的区分，而是追求不同文化风格、个性化的体现，所以，市场上的鞋已经如此细分了。企业要发展，一定要满足消费者不断提高的需求，欧派亦是如此。欧派创立于1994年，在此之前，中国内地并没有橱柜产品，一次偶然的机会，我在香港地产商的样板房里看见了橱柜，当时不仅我感到惊艳，就连我妹彼时一个打工妹都心生渴求，希望自己家也能有一套。这便是来自普通消费者的真实需求，而且市场空白，所以我意识到这是一个极大的机会，便把橱柜引入到中国内地。随着橱柜市场的不断发展，消费者也逐渐从功能需求延伸到审美需求，于是欧派也不断顺应消费者的需求趋势，逐渐推出实木系列、烤漆系列等不同系列产品，设计风格也丰富多样，从古欧、简欧到现代、中式，一应俱全。因为，企业存在的理由，就是迎合消费者的需要。如果能够迎合消费者一点点需要，这个企业就会有一点发展；如果已经迎合了很多需求，企业就有比较好的发展空间；如果消费者爱死了你，你这个企业就会飞起来。大家居是未来消费趋势，欧派拥有难以逾越的竞争优势【记者】：目前，全屋定制已经成为行业内各家企业努力的方向，欧派也从橱柜、衣柜拓展到全屋定制，您是怎么理解全屋定制这一模式的，这对于企业有哪些挑战？【<span class=""showStock"" id=""stock_sh603833"">欧派家居</span><span id=""quote_sh603833""></span>姚良松】：企业的本质就是迎合消费者的需求，而现今定制家居行业消费者最大的痛点就是装修恐惧症。欧派敏锐地洞察到这一痛点，率先提出“一体化设计、一揽子搞定、一体化设计”的大家居模式，让消费者的各类家居产品需求，能够一体化呈现，一体化设计。而在装修环节，欧派能实现一站搞定，并通过信息化系统，实现装修全程可视化，消费者不但能在装修前通过VR设备，提前体验装修后的家，还能通过微信监控装修全过程。广义的全屋定制，也就是大家居模式，是未来的市场趋势，符合未来消费需求，市场空间非常广阔。但实现路径有一定门槛，哪家企业能非常流畅地实现这个服务，让消费者得到真正满足，谁就赢在未来。目前，欧派占据最优位置。【记者】：欧派为了做好全屋定制，做了哪些工作？【<span class=""showStock"" id=""stock_sh603833"">欧派家居</span><span id=""quote_sh603833""></span>姚良松】：欧派以橱柜起家，并快速地布局了衣柜、木门、卫浴领域，经过多年的运营和发展，在定制家居板块，欧派是当仁不让的霸主，品类也最齐全，因而实现大家居模式具有先天性优势。其次，欧派覆盖全国的四大生产基地，每个基地建筑面积均超过50万，覆盖半径500km范围的供应体系，物流运输半径在8小时内。目前，欧派的制造规模已经雄霸亚洲、成为当仁不让的世界第二，欧派还正在筹备在华中地区建立第五大基地；信息化和智能制造方面，也一直是欧派近几年的发力点之一，为此也投入重大资金和人力，2015年启动《欧派制造2025》战略计划，融合互联网、大数据与人工智能制造，通过数字化打通销售、研发、生产制造、物流运输等全套环节，正式迈入“所见即所得，所感即所要、设计即制造、制造即服务”的AI智能工厂时代。可以说，欧派具备了实现消费者一站式装修的硬件条件。当然，这种优势是短时间难以逾越的，企业的信息化系统、产业布局、品牌建设、制造实力，都需要一定时间去沉淀，并不是短时间可以追上或超越。欧派在其中沉淀了很多年，也探索了很多年，虽然前期难免有些挫折与弯路，但这反而构成了欧派的护城河，路越走越顺畅，消费者的消费体验越来越好。线上线下打通消费闭环，实现全渠道营销模式【记者】：你怎么理解全渠道营销？线上重要还是线下重要？【<span class=""showStock"" id=""stock_sh603833"">欧派家居</span><span id=""quote_sh603833""></span>姚良松】：定制家居行业与传统快消品不一样，快消品能快速实现一键到家，而装修是大宗耐用品的消费服务，并且充斥着大量个性化设计、定制化安装功能，每个家庭的户型、布局全都不同，所以从目前的环境来看，线上难以完成消费闭环。但是线上确实能给消费体验带来很大便利，也能进一步提升线下终端成交率。线上巨大的流量可以引导至线下终端，从而完成消费闭环；而线上的一体化设计更是可以节约消费者大量的时间成本，线上浏览产品、确定风格和价格后，再到线下门店实际体验，往往更能提升成交率。欧派施行的线上线下相互配合的全渠道营销战略，不仅线上投入大量资源，线下也在扩展各种渠道，从传统门店到社区店，从工程到拎包入住业务再到整装大家居，欧派的全渠道营销渗透在方方面面。受地产减速影响有限，定制家居发展空间极大【记者】：房地产市场经历了十多年的快速发展，目前增速已经放缓，怎么看未来房地产市场发展放缓对定制家居行业的影响，您对于行业未来发展有何想法？【<span class=""showStock"" id=""stock_sh603833"">欧派家居</span><span id=""quote_sh603833""></span>姚良松】：在早期，定制家居行业跟房地产的发展曲线是完全重合的。但随着定制家居行业的不断发展和完善，虽然两者仍会存在关联性，但不会完全重合。存量房市场和二手房二次装修等现象的兴起，是导致定制家居行业开始摆脱房地产的制约的因素之一；此外，目前我国房地产增速虽然放缓，但总量基数大，因而只要GDP保持一定增长水平，人民生活水平持续提高，就会不断刺激家居行业的消费需求，因为，消费者追求更好的生活环境是永恒的需求。房地产增速放缓一方面带给下游产业压力，但其实也是一种动力。随着市场竞争加剧，会挤出一部分竞争力不强的企业，更有利于整个行业的健康有序发展。只要企业能够不断满足消费者的需求，便拥有极大的发展空间。市场洗牌后强者愈强，拥有更强的竞争力和生命力。目前我国的强势品牌在市场占有率方面还有很大的提升空间，以橱柜为例，欧派橱柜作为第一品牌，市场占有率仍只有10%左右，而欧洲橱柜的第一品牌在欧洲市场的占有率能达到在40%~50%。未来十年还存世的企业，都是一流的信息化企业【记者】：欧派近期跟华为合作，全面接入hilink，你对智能家居有什么看法？【<span class=""showStock"" id=""stock_sh603833"">欧派家居</span><span id=""quote_sh603833""></span>姚良松】：欧派与华为的战略合作，主要是加入它的平台。加入华为的体系，可以让欧派为消费者提供更好的服务。这也是欧派为了顺应消费者对智能家居需求的一种积极尝试。智能家居应该以人性化为主，让消费者感到更舒服，欧派近几年一直在利用现有的信息技术，包括智能技术去实现信息化、智能化，而且这也是所有企业的必然趋势。就家居建材行业来说，未来十年，所有还存世的企业，全都是一流的信息化企业。每个企业都要充分地重视信息化、智能化，让消费者拥有更便利、更舒服的体验，才是关键中的关键。欧派进一步加快国际化，海外设厂指日可待【记者】：在拓展海外市场方面，欧派集团有何规划？【<span class=""showStock"" id=""stock_sh603833"">欧派家居</span><span id=""quote_sh603833""></span> 姚良松】：欧派拓展海外市场的下一步战略，是加大开拓印度、东南亚以及非洲市场。目前，欧派是把中国制造的产品出口到海外，但当一个区域达到了一定规模的产值时，欧派便会考虑在当地设厂。在海外设厂方面，欧派的信息化系统有天然优势，从设计、供应链、制造、物流，全套信息化，海外设厂只需要更新软件的语言就行，相对而言，维护成本也大大降低。关于未来，欧派打通信息化后，会进一步加快国际化的步伐，真正实现“把欧派打造成一个受人尊敬、受人爱戴的中国著名的、有一定国际影响力的创意家居集团”的企业愿景，成为“世界的欧派”！免责声明：文章内容来源网络，不代表本网站立场，转载的内容不构成投资建议。（来源：红刊财经的财富号 2019-11-05 18:28） [点击查看原文]<span id=""show_stock_str"" ></span>",欧派家居姚良松：不顺应消费需求、不搞信息化的企业一定被
1,11月04日 ,甘肃股友,转发                                                                                                                                                                                ◆                                                  ◆                                                                                                                                                                                                                                                                                                                                                                                                                                                                                    东家10圆半猛增展                                                                                                            发表于 2019-11-03 21:40:30                                                                                                                                              [亚联发展吧] 外资价值投资理念正在深入人心$环球印务(SZ002799)$$恒生电子(SH60                                                  外资价值投资理念正在深入人心$环球印务(SZ002799)$ $恒生电子(SH600570)$ 量正在变大,转发
2,11月03日 ,河南股友,"本文金字塔结构一、“长期待摊费用（V1.0）”清单通过阅读唐朝的《手把手教你读财报》，初步制作了“长期待摊费用（V1.0）”清单。二、<span class=""showStock"" id=""stock_sh603833"">欧派家居</span><span id=""quote_sh603833""></span>历年长期待摊费用分析由上表可见，从2011年到2018年，<span class=""showStock"" id=""stock_sh603833"">欧派家居</span><span id=""quote_sh603833""></span>长期待摊费用占总资产的比例均维持在1%以下。由上图（<span class=""showStock"" id=""stock_sh603833"">欧派家居</span><span id=""quote_sh603833""></span>2018年年报P153）可见，<span class=""showStock"" id=""stock_sh603833"">欧派家居</span><span id=""quote_sh603833""></span>2018年年末的长期待摊费用分别为装修费、广告费和租赁费。三、初步判断就现有的数据，对<span class=""showStock"" id=""stock_sh603833"">欧派家居</span><span id=""quote_sh603833""></span>的长期待摊费用可以有以下的简单判断：从2011年到2018年，<span class=""showStock"" id=""stock_sh603833"">欧派家居</span><span id=""quote_sh603833""></span>长期待摊费用占总资产的比例均维持在1%以下，不存在长期待摊费用金额庞大的问题。当然，要做出更全面、更深入的分析和判断，还需要进一步研读财报。（来源：学思践悟PDCA的财富号 2019-11-03 15:49） [点击查看原文]<span id=""show_stock_str"" ></span>",如何分析上市公司的长期待摊费用？（Version 1.0）
3,10月29日 ,安徽股友,"<span class=""showStock"" id=""stock_sh603833"">欧派家居</span><span id=""quote_sh603833""></span>Q3 业绩超预期 营收逆周期增长 毛利率提升 净利润率提升 CFO持续上升 净利润14.83%yoy低于h1的15%主要原因是研发费用的进一步提升这也是毛利增加的主因 各项财务指标健康 ROE下降的主因是总资产周转率的下降 这也是企业资产扩张的体现 包括可转债的发行 致使资产总额三季度骤升 四季度稍作现金管理全面净利润15%问题不大 筹码集中度再次提升 外资持股比例提升 更喜欢这家公司了<span id=""show_stock_str"" ></span>",欧派家居Q3业绩超预期营收逆周期增长毛利率提升净利润率提
4,10月23日 ,黑龙江股友,"中国尚有10亿人口没有坐过飞机，而且其中至少一半人的家庭迄今没有用上有抽水马桶。这反映了国内的潜在消费需求还非常大，如果这方面内需能够得到满足，那就根本不存在产能过剩问题，几乎绝大部分传统产业都可以开足马力去生产。对于中国人来说，房子大于天，买了房子之后，最大的需求就是家装和家居。在90年代以前中国人还没有买房的概念，70年代所谓“家居”大多是单位福利分房时配备的较基本的生活用品，如木床、四角桌等，对家居配置没有太多选择的余地。80年代，正值中国改革开放初有成效、经济复苏的时期，人们开始有了自己的积蓄，对家居生活充满期待，尤其是“三大件”--冰箱、电视、洗衣机，是这个年代每个家庭的憧憬。那个年代城市大部分都是单位分配的小户型住房，70后80后的记忆中应该都有一套“组合家具”。兼具了衣柜、电视柜、梳妆台、写字台的功能，但可以看出，这个年代还没有什么太多美的追求，还是以功能和实用性为主。90年代，随着住房条件的改善，家居产品的需求量急剧增长，装修概念开始兴起，家居产品开始机械化和规模化生产。如果你家当时是瓷砖、吊顶、木地板、木板包边，不用怀疑，你就是当时你们那条街最靓的崽。2016年，欧派以166.03亿元跻身中国品牌价值500强，居行业榜首。2017年，欧派登陆A股，含税营业收入跨越百亿。百亿是一个里程碑一样的数字。按照东财Choice的行业划分，当时整个家具行业共有27上市公司，市值超过百亿的只有5家。即使时间已经快要进入21世纪20年代，但目前精装修房占比只有约20%左右，2017年住建部发布的《建筑业发展十三五规划》则明确提出了2020年全装修占比达到 30%的目标，其中，建材类和硬装家居是精装房标配。新时代，新变化！欧派也在进行两个“转变”，一个转变是由产品提供者变为解决方案提供者，比如欧派早在2014年就率先启动了“大家居”战略，2018年更是升级成“整装赋能商业模式”，由单一的家具产品提供者变成全屋家居空间一体化解决方案的提供者； 2014年欧派启动大家居战略另一个转变则是由产品服务供应商变成平台构建者，为此欧派今年推出了“名牌计划”，整合家电、家居、基材等国内外一线品牌爆款产品，打造全屋名牌产品一体化购买及服务平台，实现全屋皆大牌，一体化设计。 2019年欧派名牌计划也就是说，房地产虽然在调控，但家居业依然在唱响“春天的故事”，未来潜力依然可期。强者逆势而动！强者，会逆势而动，会审时度势，会未雨绸缪。2019年，现金储备多达2000亿的华为，突然宣布，将首次在国内发行债券，融资300亿。华为缺钱么？当然不是，趁资金成本低，趁环境低迷，趁对手疲软之际，逆势而动，才是根本。君子所见略同，华为逆势发债，欧派也在逆势而动！根据公司公告，<span class=""showStock"" id=""stock_sh603833"">欧派家居</span><span id=""quote_sh603833""></span>可转债于8月22日发行完毕，募集资金14.95亿元，转股价设定为101.46元/股（截至10月9日最新收盘价110.15元/股），募集的资金将全部用于项目建设。值得注意的是，公司的“掌舵人”姚良松优先配售了8亿元，占发行总量的比例为54%，大股东超高比例的认购，着实罕见。2019年，是<span class=""showStock"" id=""stock_sh603833"">欧派家居</span><span id=""quote_sh603833""></span>成立25周年，深耕定制行业，从定制橱柜起步，欧派不断延伸至衣柜、木门、卫浴、大家居 业务和智能家居，并在探索整装大家居的道路上不断前行。 <span class=""showStock"" id=""stock_sh603833"">欧派家居</span><span id=""quote_sh603833""></span>与华为签约合作伙伴合影留念目前，欧派拥有清远、天津、无锡、成都四大生产基地，每个基地总建筑面积均超过50万平米，物流半径在8小时内，形成辐射华南、华北、华东、华西的全国性生产能力，生产规模雄踞亚洲，达到了世界第二的高度。同时优秀的中国制造业也在强强联合，走向合作。欧派与华为达成5G合作进攻智能家居市场。（来源：红刊财经的财富号 2019-10-23 14:45） [点击查看原文]<span id=""show_stock_str"" ></span>",中国人为什么不去日本抢马桶盖了？答案让人吃惊！
5,10月22日 ,黑龙江股友,"题记：作为定制家居行业中最具代表性的领头羊――<span class=""showStock"" id=""stock_sh603833"">欧派家居</span><span id=""quote_sh603833""></span>，2017年甫一登陆A股，便强势成为行业第一股，2019年更是由中国民营制造业500强企业跨入中国制造业500强企业。即使在风雨交加的市场环境下，<span class=""showStock"" id=""stock_sh603833"">欧派家居</span><span id=""quote_sh603833""></span>依然保持逆势稳健增长的势头，引来行业内外的频频注目。                                              叶檀博士实地参观欧派展厅9月19日，素有“财经女侠”之称的叶檀博士走进<span class=""showStock"" id=""stock_sh603833"">欧派家居</span><span id=""quote_sh603833""></span>总部进行实地考察，与欧派来了一场零距离接触。在参观完欧派展厅后，叶檀对欧派产品和定制理念赞不绝口，并与欧派董事长姚良松面对面进行高峰对话，深入探讨中国制造业的发展、定制家居行业的未来及欧派全新发展战略。在经过深度考察和访谈后，叶檀财经以<span class=""showStock"" id=""stock_sh603833"">欧派家居</span><span id=""quote_sh603833""></span>为标杆案例，于10月15日发表了关于中国制造崛起和未来趋势的深度专栏文章。 欧派董事长姚良松（右）接受叶檀博士（左)访谈叶檀财经专栏文章：《中国人为什么不去日本抢马桶盖了？答案让人吃惊！》香港买奶粉，日本买马桶，德国买菜刀，法国买红酒，曾经是中国人消费的缩影，也是外界质疑中国制造业的注脚。但悄然之间，中国消费市场大变，洋货已势微，国货正崛起！奶粉界，香港市场上，内地奶粉品牌――君乐宝开始走俏，成了香饽饽；马桶界，日产销量大降，龙头TOTO公司净利润下滑12%；菜刀圈，德系钢刀不再心头好，一把国产菜刀走红全球；法国红酒？对不起，君不见，飞天茅台才是酒中霸主！国外的月亮不比中国圆，适合的才是最好的，尝过鲜之后，国内消费者自然回归理性。这时候，当理性派消费者，遭遇中国制造发力，国货崛起自然成燎原之势。华为手机开始力压苹果，格力美的开始兼并海内，<span class=""showStock"" id=""stock_sh603833"">欧派家居</span><span id=""quote_sh603833""></span>也开始成为世界家具业新势力！价优，质高，不但中国人喜欢，外国人一样买账，2018年美国下载量最高的电商APP是“美国版拼多多”――WISH，主打的就是“中国制造”。制造业崛起，中国经济的希望，蕴藏其间。经济下行期   这些中国制造却逆势增长顺势而为不算本事，逆势而上才是真英雄！全球经济下行期，贸易局势复杂多变，在这个环境下，能维持业绩不下滑已属难能可贵，而业绩逆势增长，绝对出类拔萃。在诸多打压之下，2019年1-8月，我国进出口总额20.13万亿元，增长3.6%。其中，出口表现亮眼，10.95万亿元，增长6.1%，在出口带动下，中国贸易顺差1.77万亿元，扩大46%。出口企业中，民营企业独树一帜，增速13.7%，占比达51.2%，一己之力拉动出口增长6.5个百分点。中国制造，让人骄傲。民营中国制造，更是撑起了中国经济一片天。华为今年上半年实现销售收入4013亿元，同比增长23.2%，净利润率为8.7%。智能手机出货量超1.18亿台，同比增长24%，平板电脑销量同比增长10%，PC增长3倍，可穿戴增长2倍。<span class=""showStock"" id=""stock_sz000651"">格力电器</span><span id=""quote_sz000651""></span>2019年上半年实现营业总收入972.97亿元，较上年同期增长6.95％；归属于上市公司股东的净利润137.50亿元，较上年同期增长7.37％。<span class=""showStock"" id=""stock_sz000333"">美的集团</span><span id=""quote_sz000333""></span>实现营业总收入1,537.70亿元，同比增长7.82％；实现归属于母公司的净利润151.87亿元，同比增长17.39％。在泛家装领域，定制家居龙头<span class=""showStock"" id=""stock_sh603833"">欧派家居</span><span id=""quote_sh603833""></span>的数据也让人眼前一亮。据欧派公布的半年报显示，<span class=""showStock"" id=""stock_sh603833"">欧派家居</span><span id=""quote_sh603833""></span>2019年上半年实现营业总收入55.10亿元，同比上年增长13.72%；归属于上市公司股东的扣除非经常性损益的净利润5.95亿元，同比增长15.7%。根据2018年欧派的财报，<span class=""showStock"" id=""stock_sh603833"">欧派家居</span><span id=""quote_sh603833""></span>实现营收115亿，成为整个定制家居行业唯一破百亿的企业，<span class=""showStock"" id=""stock_sh603833"">欧派家居</span><span id=""quote_sh603833""></span>也从民营制造500强一举跨入中国制造业企业500强。 <span class=""showStock"" id=""stock_sh603833"">欧派家居</span><span id=""quote_sh603833""></span>跨入中国制造业企业500强中国制造如何迈向中国智造？“欧派制造2025”做了大胆尝试，它包含了五大系统：MTDS终端设计营销服务管理系统、WCC智能拆单系统、MSCS生产调度控制系统、APS+MES西门子柔性生产制造管理系统、MCTS物流管理信息系统。一句话概括，这套系统融合互联网、大数据与人工智能，通过数字化打通销售、研发、生产制造、物流运输等全套环节，由“从人指挥机器”向“机器指挥机器”大跨越，欧派AI智能工厂展示出中国制造强企的硬核！退潮之后，才能看出谁在裸泳。中国制造的顶梁柱们，顶住了压力。马云说，不是实体经济不行了，而是你不行了。华为、格力、美的、欧派绝对算行的！中国潜在消费需求有多大？中国尚有10亿人口没有坐过飞机，而且其中至少一半人的家庭迄今没有用上有抽水马桶。这反映了国内的潜在消费需求还非常大，如果这方面内需能够得到满足，那就根本不存在产能过剩问题，几乎绝大部分传统产业都可以开足马力去生产。对于中国人来说，房子大于天，买了房子之后，最大的需求就是家装和家居。在90年代以前中国人还没有买房的概念，70年代所谓“家居”大多是单位福利分房时配备的较基本的生活用品，如木床、四角桌等，对家居配置没有太多选择的余地。80年代，正值中国改革开放初有成效、经济复苏的时期，人们开始有了自己的积蓄，对家居生活充满期待，尤其是“三大件”--冰箱、电视、洗衣机，是这个年代每个家庭的憧憬。那个年代城市大部分都是单位分配的小户型住房，70后80后的记忆中应该都有一套“组合家具”。兼具了衣柜、电视柜、梳妆台、写字台的功能，但可以看出，这个年代还没有什么太多美的追求，还是以功能和实用性为主。90年代，随着住房条件的改善，家居产品的需求量急剧增长，装修概念开始兴起，家居产品开始机械化和规模化生产。如果你家当时是瓷砖、吊顶、木地板、木板包边，不用怀疑，你就是当时你们那条街最靓的崽。欧派早期展览照片定制家居业的龙头欧派也是在这个年代（1994年）开始入行的，一个数据可以说明当时的家居市场有多火。1994年欧派进入橱柜市场，并引入德国生产线，并率先在国内销售整体橱柜，第二年，公司的收入就超过2000万！那时候可是工资普遍在几百元，买个电视都要纠结半天的90年代，2000万绝对是一笔巨款。家居市场之火爆，居民消费欲望之旺盛，创始人姚良松对市场把握之精准，于此可见一斑。2000年前后，商品房成为最常见的居住形式。人们对于装修的认识提高很快，接受能力也更强，21世纪，欧式、中式、东南亚、日式等风格开始走进千家万户。21世纪10年代，“量身定制”的概念开始风靡，根据家中实际空间情况“量体裁衣”，最大限度地利用空间并发挥家具的使用功能。时代变，欧派紧跟时代潮流变，23年间（1995年-2018年），欧派收入增长575倍，从2000万收入向115亿元收入的跨越，门店也实现了从个位数向7000多家的跨越。2016年，欧派以166.03亿元跻身中国品牌价值500强，居行业榜首。2017年，欧派登陆A股，含税营业收入跨越百亿。百亿是一个里程碑一样的数字。按照东财Choice的行业划分，当时整个家具行业共有27上市公司，市值超过百亿的只有5家。即使时间已经快要进入21世纪20年代，但目前精装修房占比只有约20%左右，2017年住建部发布的《建筑业发展十三五规划》则明确提出了2020年全装修占比达到 30%的目标，其中，建材类和硬装家居是精装房标配。新时代，新变化！欧派也在进行两个“转变”，一个转变是由产品提供者变为解决方案提供者，比如欧派早在2014年就率先启动了“大家居”战略，2018年更是升级成“整装赋能商业模式”，由单一的家具产品提供者变成全屋家居空间一体化解决方案的提供者； 2014年欧派启动大家居战略另一个转变则是由产品服务供应商变成平台构建者，为此欧派今年推出了“名牌计划”，整合家电、家居、基材等国内外一线品牌爆款产品，打造全屋名牌产品一体化购买及服务平台，实现全屋皆大牌，一体化设计。 2019年欧派名牌计划也就是说，房地产虽然在调控，但家居业依然在唱响“春天的故事”，未来潜力依然可期。强者逆势而动！强者，会逆势而动，会审时度势，会未雨绸缪。2019年，现金储备多达2000亿的华为，突然宣布，将首次在国内发行债券，融资300亿。华为缺钱么？当然不是，趁资金成本低，趁环境低迷，趁对手疲软之际，逆势而动，才是根本。君子所见略同，华为逆势发债，欧派也在逆势而动！根据公司公告，<span class=""showStock"" id=""stock_sh603833"">欧派家居</span><span id=""quote_sh603833""></span>可转债于8月22日发行完毕，募集资金14.95亿元，转股价设定为101.46元/股（截至10月9日最新收盘价110.15元/股），募集的资金将全部用于项目建设。值得注意的是，公司的“掌舵人”姚良松优先配售了8亿元，占发行总量的比例为54%，大股东超高比例的认购，着实罕见。2019年，是<span class=""showStock"" id=""stock_sh603833"">欧派家居</span><span id=""quote_sh603833""></span>成立25周年，深耕定制行业，从定制橱柜起步，欧派不断延伸至衣柜、木门、卫浴、大家居 业务和智能家居，并在探索整装大家居的道路上不断前行。 <span class=""showStock"" id=""stock_sh603833"">欧派家居</span><span id=""quote_sh603833""></span>与华为签约合作伙伴合影留念目前，欧派拥有清远、天津、无锡、成都四大生产基地，每个基地总建筑面积均超过50万平米，物流半径在8小时内，形成辐射华南、华北、华东、华西的全国性生产能力，生产规模雄踞亚洲，达到了世界第二的高度。同时优秀的中国制造业也在强强联合，走向合作。欧派与华为达成5G合作进攻智能家居市场。中国制造行稳致远，路在四方。免责声明：文章内容来源网络，不代表本网站立场，转载的内容不构成投资建议。（来源：红刊财经的财富号 2019-10-22 13:18） [点击查看原文]<span id=""show_stock_str"" ></span>",定制宗师姚良松与财经女侠叶檀高峰对话 探寻中国制造发
6,10月22日 ,<a href='/u/5648554507' title='稀方式可'>稀方式可</a>,"昨日沪深两市股指集体小幅低开，随后两市集体弱势震荡，尾盘走出一波反弹行情，沪指成功翻红，从盘面上看，养殖业、种植业、创业板重组概念等板块涨幅居前。昨日市场如期探底回升收阳，由于人气回暖需要时间，预计今天将在60日线附近做盘整，权重股昨日护盘，所以今日将可能面临分化，故今日整大概率以冲高回落为主。建议关注个股存在的超跌反弹和形态修复的机会。  关注 【300496  <span class=""showStock"" id=""stock_sz300496"">中科创达</span><span id=""quote_sz300496""></span>】<span id=""show_stock_str"" ></span>",★多空休假，还得观望
7,09月27日 ,贵州股友,"<span class=""showStock"" id=""stock_sh603898"">好莱客</span><span id=""quote_sh603898""></span>：积极应对行业转型 具备长期发展实力华创证券发布<span class=""showStock"" id=""stock_sh603898"">好莱客</span><span id=""quote_sh603898""></span>的研报指出，看好公司在行业转型期积极变革。持续看好公司在衣柜主业基础上向橱柜、木门品类延伸的品类布局和渠道拓展，同时，公司与齐家网合作有望实现在整装领域发展。考虑到公司短期战略性资源投入增加，调整公司盈利预测，预计2019-2021年归母净利润4.22/4.64/5.15亿元(原预测2019-2021年归母净利润4.59/5.30/6.01亿元)，对应当前市值PE分别为11/10/9倍，考虑到公司新业务拓展和整装业务探索，参考公司历史估值及可比公司，给予2019年16倍PE，下调目标价至22元/股，维持“强推”评级。分享到微信 朋友圈 微博<span id=""show_stock_str"" ></span>",好莱客：积极应对行业转型具备长期发展实力华创证券发布好
9,09月13日 ,黑龙江股友,月圆中秋，承载着“千里万里，家在心里”的文化认同。而这几年的中秋，都出现一个特殊的身影――欧派狼人。连续两年的《狼人的中秋烦恼》，俨然已经成为欧派家居在中秋的情感符号。从前两部的网络效应来看，《狼人的中秋烦恼》虽然脑洞清奇，以“狼人”这一特殊面切入，通过充满喜感的夸张手法表现冲突矛盾，但并不妨碍最后观众笑中有泪。狼人在经历的种种困难和难堪正是当下现实的诸种投射，精准地戳中中国家庭相处的痛点。而短片传递的“每个家都值得特别的定制，每个人都值得独一无二的团圆”品牌理念既折射现代新团圆观，强化家庭文化，也与观众产生了强烈的情感共鸣，所以反响不俗。今年，欧派家居继续在中秋团圆日推出《狼人的中秋烦恼3》，其实既是第三部，也是前传。短片聚焦时下热议的“爸妈审美”、“父母装修”、“两代人生活方式差异”话题，搭建了一场奇幻的法庭审判情景，通过狼人夫妇与双亲长辈对簿公堂的超现实表现形式，夸张呈现两代人的审美矛盾，原始的篝火厨房、全套花开富贵的卧室、复古Disco的客厅、树桩马桶，随着父母帮狼人装修的一个个空间被成为物证推上法庭，让人捧腹大笑之余却意外地让人看到这是中国千万普通家庭装修的缩影。所幸最后虚惊一场，原来这只是狼人的想象，那些奇葩的装修经历并没照进现实，现实却是狼爸狼妈通过欧派家居定制，为狼人夫妇打造了一个独一无二的家。但也正是通过这种“虚”与“实”的鲜明对比，凸显两代人审美与生活方式差异所带来的家庭矛盾，而欧派家居在其中所起到的是桥梁作用，既帮助家庭成员实现了对美好生活方式的向往，也让两代人在相对理想的家居环境下促进了沟通交流，升温了亲情。当然，欧派在短片中，更想呼吁的是“家人就是在一起时很难搞，分开了却会想念”的家庭亲情，倡导年轻人在拼搏之余多回过头关注、关心父母。装修是件苦力活，但很多现代人因为工作繁忙或父母出于关心等种种现实因素由父母代劳，但两代人的审美差异终究是一道难以逾越的鸿沟，以致“爸妈审美”、“父母装修”这些老生常谈的话题也常年高温不减。但审美是人们理解世界的一种特殊形式，夹杂着个人主观意识与客观认识，也建立在一定的时代背景下，不能简单地用对与错来衡量父母的审美。但对于两代人的装修需求矛盾，有时候却可以通过“巧劲”来化解。如同短片里通过充分发挥创作力，把木桩改造成茶几，心灵的自然回归感油然而生；把“柴火”改良成嵌入带着原始山洞味道的壁炉，让家更显温馨亲切；把天花板改造成星空的样子，让狼族也能一解对家乡月亮的乡愁。欧派在这里所扮演的角色正是那位释放“巧劲”的魔术师，希望把“难搞的留给我们，难忘的留给家”的推手。一向注重家庭文化，呼吁人们回归家庭的欧派家居，不断自我颠覆，创新与扩大产品体系，只为尊重每个家庭成员的生活习惯、兴趣爱好，通过定制独一无二的生活方式，搞定人们在家居生活中那些难缠的矛盾。回顾前两季主推的“定制”概念，到这次“一家搞定”的新主张，欧派从单一的产品供应商升级为全屋空间解决方案及平台构建者的全新战略诉求。与此同时，欧派输出的“在一起的时候很难搞，分开了又会想念，这就是家人吧！”价值主张，让人深思的同时再次强化了欧派有家有爱的品牌理念。“狼人”是欧派与世界对话的方式。通过精心打磨的欧派中秋狼人IP不仅是输出一支支精彩脑洞故事，更是欧派对新生代的献礼，一份“不尬聊”的诚品。每个人都是世上最独一无二的个体，无论是生理或心理上，都有自己独特的需求和感受；每个家庭成员也会因为种种生活方式、生活习惯的不同而产生一些小摩擦。而家人，就是相互包容和依偎。在一起时很难搞，分开了却会想念，这不仅是狼人对2019年这段小插曲的一句自嘲和感悟，其实是家庭的本质，狼人和他的家人看似是个特例，其实也代表了我们每一个人、每一个家庭。免责声明：文章内容来源网络，不代表本网站立场，转载的内容不构成投资建议。（来源：红刊财经的财富号 2019-09-13 09:06） [点击查看原文],欧派《狼人的中秋烦恼》再次爆火
10,09月12日 ,黑龙江股友,"“定制”早已被大多数消费者所接受，近年“全屋定制”更成为有目共睹的“风口”。经过多年的快速发展以及行业外围环境的急剧变化，“全屋定制”产业当前已进入增速放缓阶段。但 “全屋定制”龙头企业的业绩并未出现下滑，其中<span class=""showStock"" id=""stock_sh603833"">欧派家居</span><span id=""quote_sh603833""></span>更是凭借多种“硬实力”实现了业绩的“逆市”上扬。<span class=""showStock"" id=""stock_sh603833"">欧派家居</span><span id=""quote_sh603833""></span>2019年上半年营收55.10亿元，同比增长13.72%；归属于上市公司股东的净利润6.33亿元，同比增长15.04%。这一现象反映出了行业龙头优势进一步凸显，行业聚焦效应进一步加剧。“全屋定制”增速放缓进入新阶段目前，消费者越来越愿意为保持全屋整体风格的定制买单，“全屋定制”市场因此得到快速扩容。据统计，<span class=""showStock"" id=""stock_sh603833"">欧派家居</span><span id=""quote_sh603833""></span>等定制类上市公司2018年总营收达到了347.56亿，同比平均增幅为18.08%，利润平均增长18.79%，行业上市企业总市值达到了1120.89亿。但今年上半年，上述公司的平均增速同比却大幅放缓，显示“全屋定制”势头正在降温。这一方面是由于行业受制于房地产调控的影响，家居行业整个外部环境处于下行阶段；另一方面是我国人居消费理念正发生重大变化，审美、品质、健康等开始成为消费者的主要关注点，为整个行业带来了新的挑战。为顺应大环境及人们需求的双重变化，很多“全屋定制”企业都相应做出了战略或策略调整，其中行业龙头<span class=""showStock"" id=""stock_sh603833"">欧派家居</span><span id=""quote_sh603833""></span>的成功做法和亮眼业绩尤其引人关注：针对流量日趋碎片化的趋势，<span class=""showStock"" id=""stock_sh603833"">欧派家居</span><span id=""quote_sh603833""></span>在旧厨改造、电商、社区、社群、零售工程、家装整装等各个渠道全面发力，并且在工程领域与国内百强地产签定战略合作达47家；与此同时，在整装大家居方面，<span class=""showStock"" id=""stock_sh603833"">欧派家居</span><span id=""quote_sh603833""></span>目前已有相关店面210家，大客户43家。<span class=""showStock"" id=""stock_sh603833"">欧派家居</span><span id=""quote_sh603833""></span>通过全渠道扩张、整装大家居战略，有望摆脱行业压力，形成突破之势。“全屋定制”竞争加剧  <span class=""showStock"" id=""stock_sh603833"">欧派家居</span><span id=""quote_sh603833""></span>龙头优势明显“全屋定制”行业经过6-7年的快速发展，目前市场规模已经十分可观，但行业中相关企业成熟度差异明显，在规模、技术、资金、特别是品牌推广方面存在较大差距，行业竞争异常激烈。有行业内部人士表示，从2019年开年的动态市场表现以及行业氛围、企业心态都显露出“全屋定制”行业在加速洗牌，而这也是龙头企业抓住机遇，抢占市场份额的大好契机。在这一轮的竞技中，<span class=""showStock"" id=""stock_sh603833"">欧派家居</span><span id=""quote_sh603833""></span>竞争优势十分明显。2019中报显示，公司营收、利润增速双双高于主流企业的平均水平，在行业内表现醒目。以上成绩主要得益于<span class=""showStock"" id=""stock_sh603833"">欧派家居</span><span id=""quote_sh603833""></span>发展战略明确清晰，渠道改革快速推进，经销网络枝繁叶茂，品牌和品类建设稳步开展。与部分企业不断收购资产补充定制能力不同，<span class=""showStock"" id=""stock_sh603833"">欧派家居</span><span id=""quote_sh603833""></span>坚持实体产业投资，积极推进生产基地布局，探索家居制造信息化，在提升产能的同时，加大对社会的回报，为当地经济发展贡献力量。从公开资料获悉，<span class=""showStock"" id=""stock_sh603833"">欧派家居</span><span id=""quote_sh603833""></span>为广清产业园首批入驻的企业之一，同时公司在成都、无锡、天津基地均进行了生产基地布局和投放。欧派的发展也离不开资本市场的助力，据公告显示，<span class=""showStock"" id=""stock_sh603833"">欧派家居</span><span id=""quote_sh603833""></span>可转债于8月22日发行完毕，募集资金14.95亿元，转股价设定为101.46元/股（最新收盘价 120.9元/股），募集资金将全部用于成都基地、清远基地等项目的建设，总投资40.29亿元，不足资金由公司自筹解决。公司控股股东姚良松优先配售8亿元（占其可优配份额78%），占发行总量54%，远高于市场上可转债大股东优先认购的平均水平。记者留意到<span class=""showStock"" id=""stock_sh603833"">欧派家居</span><span id=""quote_sh603833""></span>自上市之后大股东股权质押为0，但8月15日<span class=""showStock"" id=""stock_sh603833"">欧派家居</span><span id=""quote_sh603833""></span>发布了《关于大股东部分股份质押的公告》，姚良松于8月13日将其持有的1600万股<span class=""showStock"" id=""stock_sh603833"">欧派家居</span><span id=""quote_sh603833""></span>股票进行了质押。针对最近市场关注的<span class=""showStock"" id=""stock_sh603833"">欧派家居</span><span id=""quote_sh603833""></span>大股东可转债减持及股权质押一事，红周刊记者联系到<span class=""showStock"" id=""stock_sh603833"">欧派家居</span><span id=""quote_sh603833""></span>，从<span class=""showStock"" id=""stock_sh603833"">欧派家居</span><span id=""quote_sh603833""></span>获悉：控股股东一直以来专注<span class=""showStock"" id=""stock_sh603833"">欧派家居</span><span id=""quote_sh603833""></span>经营管理，对外无其他重大投资。在公司可转债发行前期，可转债市场总体发行情况不是很理想且资本市场对家居行业整体增速预期不乐观，控股股东为了支持公司发展及可转债发行，在投入自有资金的同时又采用股份质押形式融资来大比例认购公司可转债。因此，鉴于归还贷款的压力，控股股东在可转债上市后进行减持也是能够理解的。虽然“全屋定制”行业增速放缓，但家居行业对应的是衣食住行等人的基本需求，是毋庸置疑的常青行业。在行业下行周期里，不是每个企业都有像<span class=""showStock"" id=""stock_sh603833"">欧派家居</span><span id=""quote_sh603833""></span>一样反周期的勇气和实力，这也许就是<span class=""showStock"" id=""stock_sh603833"">欧派家居</span><span id=""quote_sh603833""></span>能稳坐头把交椅的真正原因吧。作者：袁靓免责声明：文章内容仅供参考，不构成投资建议。（来源：红刊财经的财富号 2019-09-12 17:51） [点击查看原文]<span id=""show_stock_str"" ></span>",欧派家居龙头地位稳固 大股东高比例认购可转债显信心
11,09月12日 ,黑龙江股友,来源：网络中秋团圆，是永不过时的主题。近三年来，欧派家居持续运营的中秋狼人IP，在解读“中秋团圆”不变的主题下，以细腻的洞察家庭中的相处矛盾点，不断创新衍生出“中秋团圆”的新仪式感。狼人三部曲，在根植于中国社会特有的团圆文化土壤之上，融合了西方魔幻文化的荒诞，也带泰式广告的脑洞幽默，但更多的是激发大众对家庭、对亲情的关注和反思。从第一部的“特别的人，他的团圆也应该比别人更特别，到第二部的“两个人住，它就是个洞；你们回来了，它才像个家。”，再到第三部的“在一起很难搞，分开了又会很想念，这就是家人吧。”将广告艺术拉回到平民语境，成为名副其实的爆款收割机。如果说，现在对中秋的大多数期盼，是因为这天将放假，而不是对“团圆”的期盼的话，那将是非常遗憾的一件事。今年欧派继续推出的《狼人的中秋烦恼》第三部，出乎意料的反套路出牌，并没有延续狼人第二部最后埋下的彩蛋剧情，笑料不断的剧情在戳中年轻人与父母之间审美品味差异，但影片的内核“阖家团圆”依旧不变，推出后广受好评。影片场景转移到法庭，恰恰是父母与下一代沟通不足带来的误解冲突真实写照，法庭上呈堂的每一件证物都反映了两代人之间的审美差异。复古篝火炉灶稚霞执笪允乙沟瓯牡峡吞舞池狼人在铁证如山和狼爸的裁决下，开始疯狂暴走。还好这一切，原来都只是狼人的杞人忧天。原来当初狼人刚买的新房，爸妈就抢着帮小两口子装修，狼人推搪不过，只好不情愿地交给爸妈打理。三个月后，狼人夫妇抱着“丑房终需见主人”的心态打开新房家门，殊不知狼爸狼妈已经为狼人小两口子带来的是一个充满生活乐趣，意趣盎然的家。细细回想，狼人的中秋烦恼，也是大部分年轻人的烦恼。为什么父母插手新房装修总是容易引起口舌干戈？在忙碌，快节奏的现代社会，我们看到过外面世界的丰富多彩，接触过潮流的惊艳绝伦，对装修的要求越来越高，但父母主动帮忙装修的一番好意又难以拒绝。除了害怕可能因为审美而发生的争执之外，新房装修还是对我们难以实现愿望的一种满足，几乎每个人对新屋装修都怀有强烈的期待，而这种强烈的期待感，会与仪式感相互相成。村上春树曾说：“仪式感的目的，就是让自己感觉是在生活。而那些给你带来仪式感的人，往往都是爱你的人。欧派家居在影片中作为一个家庭沟通桥梁，跨越审美鸿沟，更是作为全屋定制专家，调和装修矛盾，为家庭成员更好实现中秋的团圆仪式感营造温馨的家居环境，同时输出金句“家人就是在一起时很难搞，分开了却会想念”，希望逐渐拾起被遗忘的中秋仪式感，放下误解与打开心扉，一家人围坐一起吃饭，品味每一口月饼的甜蜜。免责声明：文章内容来源网络，不代表本网站立场，转载的内容不构成投资建议。（来源：红刊财经的财富号 2019-09-12 09:29） [点击查看原文],欧派《狼人的中秋烦恼3》反套路营销
12,09月11日 ,黑龙江股友,"来源：网络2019年9月11日，<span class=""showStock"" id=""stock_sh603833"">欧派家居</span><span id=""quote_sh603833""></span>《狼人的中秋烦恼前传》（以下简称《狼人前传》）如约而至。爆炸性看点、弹幕般笑点、互动性槽点，以及故事背后发人深省的思考和感动，都引起消费者强烈共鸣，迅速成为全民热议话题。戏剧化的情节里是名为“真实”的内核一场特别的审判拉开了故事的序幕。在法庭上，原告狼人夫妇，被告是狼妈与岳母，岳父是被告的辩护律师，狼爸则是法官。陪审团上坐的都是双方家长的同辈亲戚。到底是什么原因让狼人夫妇与父母长辈对簿公堂？现场又会是怎样舌战群儒的盛况？谁将会是胜诉的那一方？当观众带着好奇心看下去，就会知道原来这一切的源头，都来自于年轻人群因工作忙没时间，父母帮忙分担装修房子却因审美不一致造成麻烦的痛点。“太真实了。”“有一种好看叫‘爸妈觉得的好看’。”“爸妈的谜之审美我跟不上。”“看看我家的奇葩设计……”网络上的年轻人在这个话题上的自嘲层出不穷。确实，现代社会的高速发展，使得年轻一代具备更为广阔的视野与个性化的审美需求，而当他们忙于工作而将装修大任托付给父母时，便不可避免地导致审美品位上的差异、矛盾与冲突。而当这些问题累积到一起，欧派又将通过《狼人前传》给出怎样的解决之道呢？全面升级，从横向到纵向剖析家庭难题作为《狼人的中秋烦恼》的第三季，《狼人前传》延续一贯的“全场高能”。我们不仅可以看到双方族群超强阵容的“全家福”，更可以看到<span class=""showStock"" id=""stock_sh603833"">欧派家居</span><span id=""quote_sh603833""></span>在故事立意与营销策略上独具匠心的全面升级。在前两季中，无论在城市中岳父母的造访，还是夫妻回到山中狼窝相聚，欧派都为狼人丈夫与人类妻子这对“跨界”CP及其背后生活背景与习惯迥乎不同的两个家庭提供了智能、舒适、人性化“定制”的体验与便利。而《狼人前传》持续发力，不仅展现了从“功能”到“审美”的更为深层的家居需求， 更从纵向上聚焦于年轻人与父母一辈之间的家庭关系。他们表达爱的方式或许笨拙，或许不合时宜，但只有相互理解、相互包容，跨越代购，打破隔阂，就将共同塑造有家有爱的美好生活。此外，欧派也借由这个故事传递品牌新主张：金九银十之际，通过主流目标消费人群装修矛盾与痛点的解决，实现从“定制”到“一家搞定”的消费升级，向消费者传递欧派从单一的产品供应商升级为全屋空间解决方案及平台构建者的全新战略诉求。品牌IP “团圆”理念激发情感共鸣《狼人前传》引爆全网。值此中秋佳节，<span class=""showStock"" id=""stock_sh603833"">欧派家居</span><span id=""quote_sh603833""></span>借由狼人的故事发出呼唤：“在一起的时候很难搞，分开了又会想念，这就是家人吧！”中秋、明月、狼人、家庭……<span class=""showStock"" id=""stock_sh603833"">欧派家居</span><span id=""quote_sh603833""></span>的“狼人的中秋之夜”把这些元素融汇成了一个别具特色的品牌IP，以“团圆”牵动着万千观众的心。尤其是在这样一个月圆人团圆的特殊时刻，又有多少离家在外的游子能不为之动容呢？每个家都值得独一无二的定制，更值得无数的关注、陪伴与交流。“有家有爱有欧派”这是<span class=""showStock"" id=""stock_sh603833"">欧派家居</span><span id=""quote_sh603833""></span>核心倡议，更是对于所以人的美好愿景之一。免责声明：文章内容来源网络，不代表本网站立场，转载的内容不构成投资建议。（来源：红刊财经的财富号 2019-09-11 09:47） [点击查看原文]<span id=""show_stock_str"" ></span>",“狼人的中秋烦恼3”来了
13,09月09日 ,北京股友,9月4日欧派转债（113543）上市，涨幅超过两成多。让市场哗然的是，收盘后欧派家居（603833）一纸公告称，控股股东姚良松当日减持欧派转债149.5万张，如果以收盘价126元计算，姚良松在可转债上市首日就套现获利3887万元。相比股票减持的诸多规定，借道可转债减持似乎成了大股东套现的神器。 上市首日就出手    上市首日，欧派转债就触发涨停，开盘价格突破120元而停牌半小时。复牌后一路飙升，随后最高冲至127.2元，最终尾盘报收126.31元。     《金证券》记者注意到，8月份欧派转债认购发行期间，多家券商建议积极申购，理由是正股欧派家居为定制家居行业的龙头企业，业绩增长稳定性较强。今年半年报显示，欧派家居上半年实现营业总收入55.10亿元，同比上年增长13.72%；实现归属于上市公司股东的净利润6.33亿元，同比上年增长15.04%。     大跌眼镜的是，当日收盘后欧派家居公告称，接到控股股东姚良松通知，其于2019年9月4日通过上海证券交易所交易系统减持欧派转债149.5万，占发行总量的10%。公开资料显示，2019年8月16日公司公开发行欧派转债1495万张，发行总金额14.95亿元。其中，公司控股股东姚良松及其一致行动人合计认购欧派转债922.7万张，认购金额9.2亿元，认购比例为61.72%。本次减持完成后，姚良松及其一致行动人共计持有欧派转债773万张，占发行总量的51.72%。     如果以当日的欧派转债收盘价计算（1张盈利26.31元），姚良松轻松套现1.9亿元、获利3887万元。值得一提的是，姚良松个人认购欧派转债800万张，也就是说，上市首日姚良松就减持了手中债券的近两成，难怪圈内人士戏称“姚老板是被家具行业耽误的投资天才”。 任性的可转债减持    这样的一幕，亦发生在另一家家居企业――顾家家居身上。     去年12月，顾家家居也曾公告称，公司于2018年9月12日公开发行可转换公司债券（下称“顾家转债”，113518）1097.31万张，发行总金额 10.9731亿元。其中，顾家家居控股股东顾家集团有限公司（下称“顾家集团”）共计认购顾家转债520万张，认购金额5.2亿元，认购比例47.39%。2018年12月18日，顾家家居接到顾家集团通知，2018年11月12日至2018年12月18日期间，顾家集团通过上海证券交易所交易系统累计减持顾家转债109.731万张，占发行总量的10%。     据了解，顾家转债于当年10月9日上市，距离顾家集团发动减持也仅刚过一月。不过，顾家集团套现时机不算精准，减持期间股价转债的价格区间为101元-108元，而在今年4月该债权一度冲至130元的高位。     市场业内人士对《金证券》记者透露，目前可转债正逐步替代定增成为再融资主要工具，但在这个过程中，上市公司大股东不受解禁限制、减持套现路径的“制度红利”成为市场热议的焦点。相比大小非股票减持的相关规定，可转债交易并未设置时间、比例、信披等减持规则，一旦可转债上市后涨幅惊人，大股东无疑有相当强烈的减持冲动，可以第一时间卖掉赚取的溢价，减持获利额也往往较大。     这对普通的债券投资者来说，无疑是“突然一击”。事实上，这两日欧派转债的走势趋于平淡，9月5日微涨0.14%，6日下跌0.23%。当然，也有圈内人士指出，这种操作并非一本万利没有代价，它会直接导致原有股东持股比例的稀释，这是股东放弃了原比例的申购，而卖了自己所持有的期权。 （来源：金证券的财富号 2019-09-09 10:17） [点击查看原文],上市首日
14,09月07日 ,黑龙江股友,来源：网络被誉为“商业模式粉碎机”的欧派整装大家居，几乎每一次大动作都直击行业痛点。2019年9月5日，欧派整装大家居召开了以“凝心聚力，破局谋远”为主题的2019全国商场培训大会。欧派集团董事长姚良松、欧派集团副总裁谭钦兴、欧派集团营销副总裁刘顺平等管理层与来自全国的精英们云集广州，从发展现状、战略布局、模式创新等多个角度，深入探讨欧派整装大家居的发展路径与创新实践，为如何突围破局、增强内生动力寻找新举措。修炼内功，狂揽瞩目业绩伴随“中国家居建材市场进入至暗时刻”的寒冬论甚嚣尘上，宏观经济变化所带来的阵痛也让家居市场异常的寒冷。然而，混战的格局代表着挑战，同时也代表着更大的机会。乱世出英雄，而谁能够在混乱中保持清醒抓住机会，谁就能重塑格局，毫无疑问，欧派整装大家居正在为此而努力着。“2019年1-8月，欧派整装大家居取得销售额突破3亿的瞩目成就，多级别市场业绩更是屡创新高。总部运营扶持的成效显著、市场认可度也稳步提升。”欧派整装大家居的成果是有目共睹的，但新模式推行过程中出现的问题也分外明显，如何解决？   “修炼内功！” 欧派集团营销副总裁刘顺平一再强调。“学如弓弩，才如箭镞” 。在刘顺平看来，与其在市场寒冬论里集体焦虑，不如修炼内功，不断提升自身的核心素养，夯实基础方是应变之道。 “唯有严格执行精细化管理，改变零售的思维模式，从整装角度贯彻整个运营行为，不断深化业务逻辑与改变销售结构，才是欧派整装大家居新阶段的发展重点。”刘顺平对下一步工作方向提出了明确的要求。“欧派整装大家居致力于为中国家庭提供一体化设计、一站式购齐的空间整体解决方案，同时将试点打造本地化供应链平台，提供一揽子服务。”对于欧派整装大家居的战略布局，刘顺平如是道。模式裂变，激发内生动力   他山之石可以攻玉。2019年以来，欧派整装大家居涌现了一批优秀的样板市场，把这一商业模式与不同家装公司销售形式进行嫁接，成功落地。这是不可多得的宝贵经验，也是整装大家居模式落地生根的见证。本次会议现场，邀请全国多个具有典型代表性的商场进行优秀成果和成熟经验的分享，寻求成功之道的可复制化。岳阳商场执行“1+4”的运营模式，以心态塑造中心，进行设计、团队 、机制和销售四大板块的升级，最终让每个版块相互赋能，实现欧派与美迪装饰的完美结合，交出今年同级别市场排名第一，全国业绩排名第四的靓丽成绩单（截止2019年8月底）临汾商场作为城市人家体系传统的半包公司，通过店铺展示、客户体验、人员团队、机制管理、销售方式与供应链模块应用的六大升级措施，让其在短短半年以内成功转型整装，实现单值、单量同步提升。莱州商场则通过整合欧派全品类和供应链产品让其在市场上脱颖而出，形成了自己的核心竞争力，家装业绩得以几何级的增长，实现了真正意义的欧派整装。这些在战场上表现出色的“绩优生”所传授的一道道精彩秘籍，精辟入理，无疑对其他经销商在这个跌宕起伏的市场环境下把清经营脉络、找到适合自己发展方向起到醍醐灌顶的作用。而更精彩的思想盛宴则体现在论坛环节。长沙、宜宾等八家标杆商场分别针对“家装公司如何转型整装”与“半包公司如何导入欧派产品”的议题进行了多层次、多维度的讨论和分析，他们妙语连珠，倾囊传授“生意经”，旨在聚焦经营痛点，分享商业智慧，探寻全维裂变、聚力同行的内生动力。重构业态，再领行业风向   在这个机遇与挑战并存的时代，能否看清产业发展形势、创造新的增长引擎将直接决定企业的发展空间。欧派集团董事长姚良松先生最后一番振奋激昂的总结陈词，如同一剂“安神药方”，指明了前进方向，鼓舞了士气。姚董作激昂演讲，坚信重构业态，才能领行业风向多年来欧派深度探究中国家庭生活方式的演变，并提前洞察到了整装大家居的产业趋势。欧派整装大家居从蓝图成型到落地，一直积极谋求家居新模式、新定位与新业态，开启了整装赋能新格局。而这一切都是建立在实践的基础上。姚董现场分享了他在上海作市场考察的所见所闻，并由此更加坚定“一体化设计、一揽子服务“的必要性。而对于“选择欧派是否能合赢出累累硕果”的疑虑，姚董从三个方面阐述联手欧派的意义：一方面，欧派的发展势头在某种程度上可以参考市值的排行榜名单，股价和市值真实地反映了市场对企业发展前景的信心。另一方面，欧派成立25年来，深谙创新驱动发展的道理，近年来全面落地创新驱动发展战略，进行产品与模式的创新。欧派整装大家居作为欧派集团发展的“排头兵”，强化了整合的优势，在产品体系上具有得天独厚的天然优势。而欧派庞大的终端体系与高保障的产品系列，能有效减少顾客购买的决策成本，打破消费决策的“黑匣子”。最后一点，欧派的大规模非标定制能力是极具优势的核心竞争力，以定制为主链，整合了众多产业资源，形成了关联产业共同发展的良性滚动格局。欧派整装大家居模式诞生以来，每次大动作都会引发行业震动，迄今更是跟随者众。这次会议对内在各模块的梳理和调整，又将酝酿出怎样一骑绝尘的商业形态？让我们拭目以待！免责声明：文章内容仅供参考，不构成投资建议。（来源：红刊财经的财富号 2019-09-07 08:59） [点击查看原文],再一次重构业态
15,08月30日 ,黑龙江股友,"8月29日，<span class=""showStock"" id=""stock_sh603833"">欧派家居</span><span id=""quote_sh603833""></span>集团2019年半年报业绩交流会在公司总部圆满召开。欧派自2017年上市以来，将投资者关系维护放到重要位置，担负家居龙头企业责任，为投资者阐述行业发展脉络，欧派为行业内首家每期定期报告披露后由董事长亲自参与投资者交流会的家居企业，也推动行业深化投资者交流走向一个新的高度。本期交流会欧派董事长及管理层揭秘2019年上半年增长秘诀，亲述欧派发展战略与投资者一道探索行业发展方向和未来前景。左到右分别为董事会秘书兼行政副总经理杨耀兴、<span class=""showStock"" id=""stock_sh603833"">欧派家居</span><span id=""quote_sh603833""></span>董事长姚良松和财务负责人王欢2019年上半年，在国家供给侧改革政策的推动下，欧派积极调整产业结构，以“抢份额，增单值”的营销基本方略及“重塑价值链，聚焦产品和服务质量的突破性提升”的制造基本方略应对市场变化，实现逆势增长的佳绩。此次发布的半年报显示，<span class=""showStock"" id=""stock_sh603833"">欧派家居</span><span id=""quote_sh603833""></span>上半年实现营业总收入55.10亿元，同比上年增长13.72%；实现归属于上市公司股东的净利润6.33亿元，同比上年增长15.04%；归属于上市公司股东的扣除非经常性损益的净利润5.95亿元，同比增长15.7%。<span class=""showStock"" id=""stock_sh603833"">欧派家居</span><span id=""quote_sh603833""></span>业绩呈现持续向好态势，转型升级战略成效显著，各渠道业绩稳健增长。投资者积极到场参加会议，现场座无虚席<span class=""showStock"" id=""stock_sh603833"">欧派家居</span><span id=""quote_sh603833""></span>表示，2019年上半年，欧派持续推进各方面转型升级，调整产品销售结构。一方面守住存量，因为传统品类和渠道依然是主战场。各品类事业部通过高效地贯彻“抢份额，增单值”的市场策略，使得经销商渠道增速稳健，实现了2019年H1同比增长了9.08%，Q2同比增长了11.58%；另一方面也通过构筑多元化的营销模式，用更主动和积极的姿态去“抢份额，增单值”，最终实现工程端的新突破和整装大家居的破局前行。在最后的提问环节，<span class=""showStock"" id=""stock_sh603833"">欧派家居</span><span id=""quote_sh603833""></span>董事长姚良松与现场投资者进行深入交流。对于大家比较关心的欧派未来的发展愿景，姚董表示欧派将持续开拓新领域，在“整体化”、“智能化”、“高端化”、“生态化”战略层面不断加码，同时加大产能扩张与信息化系统技术改造的投入，从而带动产品和品牌溢价能力，进一步突出和提升公司的核心竞争能力，实现欧派业绩的健康成长，为广大投资者带来更丰厚的业绩回报。<span class=""showStock"" id=""stock_sh603833"">欧派家居</span><span id=""quote_sh603833""></span>董事长姚良松与投资者深入交流成立25年来，<span class=""showStock"" id=""stock_sh603833"">欧派家居</span><span id=""quote_sh603833""></span>始终以“改变家居文化、提高生活品质”为使命，以“用户思维”为研发导向，严苛产品质量，保持创新活力，深耕家居定制领域，也发展成了公认的行业典范。2017年公司上市，<span class=""showStock"" id=""stock_sh603833"">欧派家居</span><span id=""quote_sh603833""></span>管理层秉承稳健运营、风险控制的原则进行经营管理决策，在公司经营状况愈发稳定的同时，始终确保营业收入的稳健增长。现场投资者积极提问，踊跃发言姚董认真聆听投资者声音与意见定期的业绩交流会是<span class=""showStock"" id=""stock_sh603833"">欧派家居</span><span id=""quote_sh603833""></span>与投资者面对面深入交流的渠道之一，也是欧派向外界展示发展实力与前景的通道。通过交流，<span class=""showStock"" id=""stock_sh603833"">欧派家居</span><span id=""quote_sh603833""></span>全面展示作为行业引领者的实力及未来的发展潜力，投资者也对公司有了更具体、更深入的了解。25年的定制家居行业经验积淀使<span class=""showStock"" id=""stock_sh603833"">欧派家居</span><span id=""quote_sh603833""></span>拥有了庞大且持续增长的用户规模，公司的先进技术、优质产品和精致服务也让客户与公司之间的黏性不断增强。免责声明：文章内容来源网络，不代表本网站立场，转载的内容不构成投资建议。（来源：红刊财经的财富号 2019-08-30 17:41） [点击查看原文]<span id=""show_stock_str"" ></span>",欧派高度重视投资者关系工作
16,08月29日 ,安徽股友,"2018年9月初在广州琶洲家博会，经欧派销售人员介绍，下定金2000参加优惠活动，当时说只要不上门量房、出图纸，定金随时可以退，故下了定金2000；后来因该店较远找了别的品牌做衣柜，多次联系销售人员让退定金，店家坚决不退，只能用来买东西，表示要投诉还扬言去告啊；被迫无奈跟其协商一个周六下午两点来量房（佛山工地），准备做点别的家具，但欧派的工作人员迟迟不到，害我白等了4个小时，临近两点联系欧派工作人员才知道还未动身，并告知要推迟到3点多才能上门，根本不按照双方约定，这是欧派自己的责任，于是没办法做，要求退款不做，仍然遭到拒绝！本以为上市公司，经营规范，居然欺骗客户，未做还坚决不退定金，这不是强买强卖的霸王条款吧！对比下<span class=""showStock"" id=""stock_sz002572"">索菲亚</span><span id=""quote_sz002572""></span>、<span class=""showStock"" id=""stock_sz300616"">尚品宅配</span><span id=""quote_sz300616""></span>，欧派是这样对待客户的吗？！<span id=""show_stock_str"" ></span>",欧派广州番禺区吉盛伟邦店店大欺客，欺骗客户强买强卖
17,08月28日 ,黑龙江股友,"8月27日，<span class=""showStock"" id=""stock_sh603833"">欧派家居</span><span id=""quote_sh603833""></span>(603833.SH)公布2019上半年业绩，报告中显示<span class=""showStock"" id=""stock_sh603833"">欧派家居</span><span id=""quote_sh603833""></span>上半年实现营业总收入55.10亿元，同比上年增长13.72%；实现归属于上市公司股东的净利润6.33亿元，同比上年增长15.04%；归属于上市公司股东的扣除非经常性损益的净利润5.95亿元，同比增长15.7%。纵观2019年上半年，随着建材行业整体增速放缓，家居生态圈急剧变革，这也侧面造成整个家居行业的加速洗牌，优势企业集中优势力量，发挥渠道优势和整合优势，力求突围，不断重塑品牌价值，强者恒强、弱者积贫积弱的马太效应越发凸显。行业的渠道快速变革，也正在重塑整个行业发展的进程。纵使在2019年上半年面临着房地产行业变革与消费渠道结构变化双重叠加的复杂局面，作为定制家居行业的领路人，<span class=""showStock"" id=""stock_sh603833"">欧派家居</span><span id=""quote_sh603833""></span>依然充分发挥制造、渠道、品牌的强大优势，推进营销渠道深挖布点，发力全渠道营销，抢份额，增单值，提效降本，有力推动营收和利润双向稳健增长，同时，也为行业出一条前景无限的变革之路。产业多面开花，亮点纷呈   在面临中国经济结构转型的过程中，<span class=""showStock"" id=""stock_sh603833"">欧派家居</span><span id=""quote_sh603833""></span>积极进行自我变革和复合式升级，也勇于正视自己与行业发展的差距，着力解决发展的短板，强化自己的竞争优势，提升欧派及泛欧派体系的创造力、凝聚力和战斗力，布局行业未来。<span class=""showStock"" id=""stock_sh603833"">欧派家居</span><span id=""quote_sh603833""></span>一方面极力守住传统零售市场，通过融合模式带动木门、卫浴等品类加速增长，另一方面又积极搭建工程、整装、星居多元渠道格局,有效发挥欧派+欧铂丽的产品定位，推进经销商模式改革，试点分销商制度，进一步下沉销售渠道，布局新兴渠道。同时加速信息化布局力度, 提升终端管理效率。在生产端落实精益生产,提升产出效率，狠抓产品品质，提升产品研发的针对性。在消费升级、渠道分裂的情势下，欧派橱柜分点突击，分向突围。充分利用制造优势，满足不同消费群体和渠道要求，深化“橱柜+”运营战略终端落地与全面推动“全渠道营销”战略。截至6月30日,欧派橱柜除拥有2330家门店外，还开设有微店、社区等新兴引流店面455家。上半年欧派橱柜试点分销模式，推动经销商从零售商向供应服务商转型，进一步加大终端的服务覆盖密度，为终端客户提供更优质的服务。欧派衣柜在市场弱势环境下依然保持高歌猛进的势头，通过多项终端措施，有效把握市场变化，基于“多接单、做单值”这一核心主线，全力推进促销模式转型,2018年在行业内首先推出买衣柜送床垫活动后，今年上半年继续升级优惠力度，有力地拉动订单增长，活动效果明显。与此同时，立足“设计驱动提升空间体验、产品好用带动品牌美誉度、合理搭配提升客户居家舒适度”三个维度，实现产品销售全屋化，不断提高家具配套产品占比，拉动终端客单值提升。在渠道拓展方面，介入渠道前端，深入推广精装房拎包入住计划，为下半年及未来的欧派战略转型打下厚实基础。除了主力品类外，欧铂尼木门及欧派卫浴等舰队品类也表现抢眼。欧铂尼木门通过多项积极的市场措施保障了营销、产品策略能在终端迅速落地，并且创新销售模式,打造并细化“全屋引流套餐―主推套餐―品质套餐”的全方位套餐矩阵，利用套餐差异化增强店面引流，覆盖主流终端购买需求，并突破性提出“1+5”的销售策略；欧派卫浴也并驾齐驱地贡献了不俗成绩，除了首次在业内突破性地提出“全卫定制”概念，成为国内全卫定制的最早发起者，并不断地探索、沉淀,让欧派的“全卫定制”商业模式日臻成熟，收获了近 4 年复合增长率 30%以上的佳绩,引领了行业的快速变革。目前，欧派卫浴已从原来的“全卫定制 1.0”迈进更为成熟的“全卫定制 2.0”，产品研发、生产制造、终端服务等全面改造升级，为消费者打造功能更齐全、布局更优化、颜值更高、更舒适的卫浴空间产品，同时打造更高效、便捷的定制服务和更美好的消费体验。同时，工程业务也是欧派业绩增长的重要拉力点之一。2019年上半年扎根于百强战略的开发、维护、深度合作，截至6月底，欧派与国内百强地产签定战略合作达 47 家。欧派充分发挥“集团+服务商”模式优势，以获得可持续的地产客户认可度及不断提升项目成交率。<span class=""showStock"" id=""stock_sh603833"">欧派家居</span><span id=""quote_sh603833""></span>，作为定制行业唯一入围博鳌论坛2019年年度影响力房地产供应商TOP10而作为欧派旗下的轻时尚品牌欧铂丽则通过战略改革与活动形式创新，初步探索出一条适合自身发展的电商之路，成为<span class=""showStock"" id=""stock_sh603833"">欧派家居</span><span id=""quote_sh603833""></span>集团未来增长的重要力量。欧铂丽家居定制特邀星家体验官――袁姗姗整装赋能如虎添翼，撬开未来增长巨大空间   如果说各品类的稳健增长让欧派进一步守住了牢不可破的行业优势和地位外，那么，欧派整装大家居的推出，则是打开了市场对欧派未来业绩增长的想象魔盒。欧派整装大家居包括欧派整装大家居、欧铂丽整装大家居和整装大客户三大业务模块，目前已有整装大家居店面210家，大客户43家。即符合未来主流消费群体的消费趋势，也为欧派集团开辟了实现大家居战略全新的发展路径和销售渠道。2019 年上半年，欧派整装大家居招商及开店效果显著，业务模式的变革创新，有效解决了家装公司的服务痛点。下半年欧派整装大家居将把提升增长内涵，加大整装经销商帮扶放在首要位置，继续发挥公司在定制家居产品端的雄厚研发、生产、平台整合实力,重点围绕划分的11个业务大区为单位，制定专属的帮扶方案，做好欧派整装大家居的后端服务、保障体系，为欧派整装大家居业务的进一步发展夯实基础。欧派整装大家居工业风格――摩玛系列随着<span class=""showStock"" id=""stock_sh603833"">欧派家居</span><span id=""quote_sh603833""></span>业务版图的不断扩张，产业生态也愈发具有活力。欧派在守住传统零售市场方面越发游刃有余，并率先自我变革，积极探索未来增长空间，与时俱进不断蜕变，引领整个行业撬开未来可期的增长新蓝海。文章内容来源网络，不代表本网站立场，转载的内容不构成投资建议。（来源：红刊财经的财富号 2019-08-28 19:25） [点击查看原文]<span id=""show_stock_str"" ></span>",欧派家居营收及利润逆势稳健增长
18,08月22日 ,<a href='/u/5348115412' title='用户5348115412'>用户5348115412</a>,该股票预测近3个交易日和近10个交易日均处于下跌趋势，注意风险。数据分析来源：微财讯App 人工智能。仅供参考！,该股票预测近3个交易日和近10个交易日均
19,08月17日 ,四川股友,"　　<span class=""showStock"" id=""stock_sh603833"">欧派家居</span><span id=""quote_sh603833""></span>2017年3月份上市，上市才1年多的时间就发起了再融次14亿元人民币，融资方式是发行可转换公司债券。　　　　虽然在融资可转换公司债发行上，公司是合法的， 但是短时间内向市场伸手要钱，我可以谴责你的这种连续向市场融资的形为！　　<span id=""show_stock_str"" ></span>",欧派家居发行可转债再融资应该受到谴责！
20,08月02日 ,云南股友,"文 | 张佳儒国内知名家居企业<span class=""showStock"" id=""stock_sh603833"">欧派家居</span><span id=""quote_sh603833""></span>经历一场信任危机。近期，包头的家居市场，欧派衣柜经销商卷款失联消息不胫而走，导致300多位消费者付款后没有收到衣柜，而且欧派衣柜70多名员工的工资也无人支付。据报道，欧派衣柜客户维权微信群已经达到300余人。对于上述事件，<span class=""showStock"" id=""stock_sh603833"">欧派家居</span><span id=""quote_sh603833""></span>8月2日晚发文回复，称包头欧派衣柜原经销商涉嫌合同诈骗，现已被刑事拘留，涉事消费者的损失情况也已登记完成，公司将最大限度地维护消费者权益。图片来源：公告还称，涉事包头市原衣柜经销商为独立经销商，与包头市其他<span class=""showStock"" id=""stock_sh603833"">欧派家居</span><span id=""quote_sh603833""></span>旗下品类经销商和全国其他地区经销商没有任何关系。截至 2018 年年末，<span class=""showStock"" id=""stock_sh603833"">欧派家居</span><span id=""quote_sh603833""></span>在全国范围内拥有近5000个经销商。<span class=""showStock"" id=""stock_sh603833"">欧派家居</span><span id=""quote_sh603833""></span>是国内知名家居企业，“有家，有爱，有欧派”的广告语深入人心，演员孙俪为品牌代言人。然而，正是这家家居行业的翘楚，却屡被投诉，产品登黑榜。据企查查数据显示，<span class=""showStock"" id=""stock_sh603833"">欧派家居</span><span id=""quote_sh603833""></span>涉及的法律诉讼超1000条，其中商标侵权519条。消费者的投诉主要集中在退意向金难、报价与实际不符、拖延工期、装修质量、售后服务等几个方面。图片来源：企查查查询到，7月29日，陕西省市场监督管理局公布了2019年第2季度产品质量监督抽查结果的公告，<span class=""showStock"" id=""stock_sh603833"">欧派家居</span><span id=""quote_sh603833""></span>的一款坐便器就榜上有名。市场人士认为，近两年，<span class=""showStock"" id=""stock_sh603833"">欧派家居</span><span id=""quote_sh603833""></span>采取激进扩张态势，门店扩张过快，但对应的体系化品控流程管理能力并未跟上，尤其代工生产的产品。图片来源：<span class=""showStock"" id=""stock_sh603833"">欧派家居</span><span id=""quote_sh603833""></span>公告对此，<span class=""showStock"" id=""stock_sh603833"">欧派家居</span><span id=""quote_sh603833""></span>回应，公司已经建立了并有效执行代工产品质量管控的内部控制制度，对代工厂商的资质和市场评价进行全面了解，进而进行严格筛选，对相关配件的原材料、质量、生产效率和交货时间进行严格控制。任何一家有进取心的企业，都会谋求扩张，这没有错，但是如果以牺牲质量换规模，那就得不偿失。长此以往，企业会因为产品服务质量问题导致用户流失，市场竞争力不断下降，进而难有未来。（来源：德林社的财富号 2019-08-02 19:51） [点击查看原文]<span id=""show_stock_str"" ></span>",孙俪代言的欧派家居卷入原经销商合同诈骗案
21,08月01日 ,天津股友,欧派家居惊魂：遭300人维权又上监管黑榜 百元股票靠代工支撑？来源： 时间财经家居行业首家营收突破百亿元企业。中国最大家居企业欧派家居正遭遇信任危机。 7月29日，陕西省市场监督管理局公布了2019年第2季度产品质量监督抽查结果的公告，在陶瓷坐便器产品品类抽查的59批次样品中，有6批次样品不符合抽查要求，欧派家居的一款坐便器登上黑榜。屋漏偏逢连夜雨。近期包头的家居市场，欧派衣柜经销商卷款失联消息已传开。7月31日，据北方新报报道，欧派衣柜高端全屋定制品牌包头地区代理商庄伟突然不见踪影，导致300多位消费者付款后没有收到衣柜，而且欧派衣柜70多名员工的工资也无人支付。事实上，欧派家居近年多次登上质量黑榜，消费者对欧派家居的投诉也越来越多，涉及质量、失信、售后服务差、退意向金难等多种问题。但近年来，欧派家居极速扩张，成为行业第一，市值高达436亿元，被外界扣上“牺牲质量换规模”的帽子。在上市和快速扩张背后造成质量问题外，还被曝出侵权问题。企查查显示，欧派家居涉及上千条法律诉讼，其中商标侵权近400条。公开资料显示，欧派家居集团股份有限公司（上述“欧派家居”）创立于1994年，2017年3月，欧派家居在上交所挂牌上市。欧派家居分为欧派橱柜、欧派衣柜、欧派卫浴、欧铂尼木门、欧派壁纸、欧派大家居六大体系。截至2018年底，欧派家居的经销商专卖店和公司直营店构成的销售网络门店已近7000家。而同行业中索菲亚、尚品宅配分别约为2600家和2000家。截至7月31日收盘，欧派家居股价为103.98元/股，下跌1.96%，总市值436.92亿元。某知名家居分析师对时间财经表示，欧派近几年来过于注重将资金投入到快速的业务扩张，以追求销售规模增长高速发展背后的隐不断。质量门的出现，说明企业也需要反思，往往消费者的问题是需要积极关注的，否则容易引起各类投诉和维权。而且目前从住房政策来看，各类精装修住房也增加，这对于各类家居企业来说也是有冲击的。时间财经就上述问题致电欧派家居董秘办，对方表示，“不接受电话采访，将相关问题发至邮箱进行回复。”时间财经又将问题发至指定邮箱，截至发稿，尚无回复。屡遭投诉“有家，有爱，有欧派”的广告语频繁活跃在电视台而深入人心，知名演员蒋雯丽曾担任欧派家居的代言人，目前品牌代言人为孙俪。而正是这家家居行业翘楚，却频频被曝出投诉、侵权、质量等问题。时间财经发现，通过搜索“欧派”、“投诉”、“质量”、“不合格”等关键词，相关信息多达百条。先从包头欧派衣柜经销商卷款失联说起。据报道，7月25日，包头市民胡女士反映，她于今年3月在一宫居然之家欧派衣柜专卖店全款支付9万元订购了全屋整体衣柜，5月她又在该店花费5300元订购了阳台柜，总计花费95300元，按合同约定6月13日全部送货上门安装，包头代理商庄伟联系不上了，而且厂家根本没收到她支付的订货款。衣柜安装工张先生向媒体陈述，他在公司已工作3年，从今年3月至今，公司拖欠他4个月工资，总计4万多元没有支付。在此期间，他也有过疑虑，但是看到公司销售业绩不错，衣柜订单很多，张先生想着就当攒钱了，到时候公司会一并结清的，没想到等来的是代理商不见踪影的消息。据了解，欧派衣柜客户维权微信群，发现维权群的人越来越多，目前群里已经达到300余人。据欧派家居西北区衣柜招商部吴经理介绍，全国有5000多位代理商，难免素质参差不齐，但是近两年个别城市也出现过代理商卷款跑路的情况。欧派家居六大体系都分别有不同的代理商，均是独立法人独立经营，相互之间没有任何关系。出问题的只是欧派衣柜包头代理商庄伟，其他产品系列未受影响，因此消费者不必恐慌。正如吴经理所言，今年年初，据内蒙古电视台报道，呼和浩特市消费者赵雪，在兴安北路居然之家的欧派衣柜定制了一套家具，四个多月过去了，衣柜迟迟不送货。节目播出后，还有观众打来电话说，他们也是买了欧派家具却没收到货。实际上，欧派衣柜停业好久了。上述报道还称，呼和浩特共有七家欧派衣柜的店铺关门停业，目前仅居然之家新城店一家，就处理了20多位欧派衣柜顾客的投诉。除了经销商携款跑路，关于欧派家居“造假、欺诈”投诉不断，甚至有消费者多次投诉仍得不到解决。例如，去年3月媒体报道称：“消费者多方投诉欧派产品造假维权花费10万多元没结果”。该事件的起因是一位在上海工作的付先生投诉，反映自己购买的欧派卫浴、橱柜产品，涉嫌伪造产地、质量问题严重等情况。至今问题也没得到彻底解决；还有消费者反映，欧派整体衣柜在安装8个月之后，房间味道依然难闻，经检测甲醛超标严重。而定制家具由于需要预交全款，出现问题“只修不退”也成为消费者投诉的焦点，被指暗藏消费陷阱。类似于这样的例子不胜枚举，频频爆出问题已不是个例，欧派家居确实到了该反省的时候了。频登黑榜时间财经梳理公开报道发现，欧派近年频频登上质量黑榜。公开报道显示，2018年9月29日，国家市场监管总局发布《2018年第3批食具消毒柜产品质量国家监督抽查不合格企业名单》，其中，欧派家居集团股份有限公司生产的“欧派ZTD105-A618”嵌入式消毒柜不合格。2018年2月8日，上海市质监局发布的木门产品质量监督抽查结果，一款标称商标为“欧铂尼”、规格型号为“浪琴/苏香桐PWMA0001”、生产企业（标称）为“欧派家居集团股份有限公司”的实木复合门不合格。2017年12月28日，内蒙古自治区工商行政管理局通报，欧派家居生产的强力型吸油烟机多个项目不合格，标称生产单位为“广东欧派科技有限公司监制，制造商为中山市伊利莱电器有限公司”；另一款家用吸油烟机也被检测出不合格，标称生产单位为“广东欧派电器有限公司（监制），制造商为中山市美欧电器有限公司”。家电分析师梁振鹏对时间财经表示，欧派近几年过于注重将资金投入到快速的业务扩张，以追求销售规模的进一步提升，从长远角度是不利于产品质量提升的。厨柜行业是一个传统行业，它的更新迭代速度是很缓慢的，对消费者来说，有没有过硬的工艺质量才是衡量一家企业是否值得信赖的关键。中国家居家装电商战略专家王建国亦认为，“一个企业的能力越大，则责任越大。欧派作为一个巨型企业，意味着它承担的社会责任更重。”由此看来，这家家居行业巨头在产品方面的提升，还任重而道远。代工模式最近两年，欧派家居采取激进扩张态势，门店扩张过快，且远远领先行业，是欧派家居扩张迅速的写照，但对应的体系化品控流程管理能力似乎并未跟上。欧派家居2018年年度报告显示，2018年公司实现营业收入115.09亿元，同比增长18.53%；归属于上市公司股东的净利润15.72亿元，同比增长20.90%。时间财经在欧派家居的招股书中注意到，其生产模式主要分为两种：一种是自行生产模式。另一种则是OEM模式。OEM生产，即代工生产，是指品牌生产者不直接生产产品，而是利用自身掌握的核心技术进行设计、开发，由自己的销售渠道进行销售，具体加工任务通过合同订购的方式委托其他厂家生产，自己对委托生产产品的质量进行严格把关。业内人士认为，欧派家居第三方代工制造，很难保证产品质量，导致产品整体质量参差不齐。另外，欧派家居频频爆出问题无疑对经销商管理存在欠缺。年报还显示，对于前端门店的管理，主要采取直营店、经销商专卖店两种模式。新京报评论称，欧派家居对自营店可以做到人、财、物的掌控，可制定详细的售前、售中和售后服务，并对店员进行统一管理。但在经销商专卖店方面，公司却很难做到这一点。一旦经销商专卖店在硬件（门店设施）和软件（人员素质、日常管理）上存在欠缺，公司将难以推动经销商自查自纠。欧派家居在销售端的掌控力，很可能会随着经销商专卖店的快速增加而降低。2018年欧派家居成为家居行业首家营收突破百亿元规模的企业。但对于不尊重消费者的企业而言，无论多大都是过眼云烟。,欧派家居惊魂：遭300人维权又上监管黑榜 百元股票靠代工支
22,07月28日 ,湖北股友,康美药业是欧派能比的吗？欧派能垄断家居市场吗?明显不能，那康美药业能垄断中药市场吗，明显已经做到了，所以欧派根本就不配与康美比，根本不是一个等级的企业，只是康美药业最近遇到些挫折，只要过去了，必将涨到一千，超越茅台，成为第二个千元股！中药龙头，康美药业，值得拥有!康美在手，天下我有!,康美药业是欧派能比的吗？欧派能垄断家居市场吗?明显不能
23,07月27日 ,浙江股友,"ROE逐年下滑,净利逐年增长但增速明显放缓,公司是订制家居的领导品牌,渠道跟品牌是其核心竞争力,较乐观预期未来三年利润增速能稳定在20~25%,按19年19.65净利润与22倍估值计算,合理市值为432亿,与当前436亿市值持平,考虑到高达5.7的市净率,当前没有明显的获利机会.",727例行跟进-欧派家居看平
24,07月24日 ,湖北股友,"卖<span class=""showStock"" id=""stock_sh603833"">欧派家居</span><span id=""quote_sh603833""></span>（603833）去买康美药业。一个100多，一个3块多。一个在山顶，一个在海底。康美是第二个茅台，必将涨到一千，超越茅台。康美药业积极实施中医药全产业链战略。目前，康美药业上至药材种植、药材交易，下至生产开发、终端销售，已基本贯穿中医药产业链的上、中、下游产业。业务渗透中药全产业链的各个关键环节，有效地整合全产业链资源。用爱感动世界,用心经营健康...康美必定涨到一千，超越茅台！<span id=""show_stock_str"" ></span>",卖欧派家居（603833）去买康美药业
25,07月18日 ,安徽股友,花了七万多订制的欧派衣柜，尺寸出错，导致门板合百业对不上，柜门都已打孔了结果抽屉功能架都装不了，最可恶的是安装工把脚线直接扔到垃圾箱了说是多余的，真是日了狗了，第二天我就把欧派的股票卖了，这管理太差真后悔没订索菲亚。,花了七万多订制的欧派衣柜，尺寸出错，导致门板合百业对不
26,07月10日 ,陕西股友,"长线潜伏《ST九有》 大概率模仿《ST皇台》相似的疯狂涨停《巴黎法国<span class=""showStock"" id=""stock_sh601166"">兴业银行</span><span id=""quote_sh601166""></span>买入ST九有前十大股东》ST皇台负债4.7亿。连续涨停前总市值8亿。是当时全市最小市值。st九有负债2.6亿。现总市值8亿以下。是现在全市最小总市值<span id=""show_stock_str"" ></span>",长线潜伏《ST九有》 大概率模仿《ST皇台》相似的疯狂涨停
27,06月27日 ,<a href='/u/2894737397' title='暗香疏影2894737397'>暗香疏影28947373</a>,"你好，请问<span class=""showStock"" id=""stock_sh603833"">欧派家居</span><span id=""quote_sh603833""></span>和欧派橱柜是一家吗？<span id=""show_stock_str"" ></span>",你好
28,05月27日 ,江西股友,,因赛集团主营业务现颓势 信披数据与客户披露数据”打架”
30,05月16日 ,北京股友,去年开始装修房子，因为之前同事在欧派上班，这边的专卖店离的也近，所以就选择了在欧派做了全屋定制，烦心的是还真他妈的多，你家电器那么垃圾还做太套餐里，一个简单的洗衣盆网上有那么多的款式，你就那么几款，没得选，我就想问问你们品牌再值得信任，也该站在消费者的角度去考虑问题，一个一体的洗衣盆台面发过来还是不平的，有瑕疵。钱交了，你就是大爷……,去年开始装修房子，因为之前同事在欧派上班
34,04月11日 ,上海股友,,欧派家居18年净利增超20%
35,04月09日 ,辽宁股友,"欧派全屋定制上线后，在业界的口碑遭遇滑坡，微博上差评满天飞，又遭遇梨视频、黑猫投诉等多家媒体点名批评。多空要看企业未来发展潜力。就目前的市场反响、消费者的口碑来看，<span class=""showStock"" id=""stock_sh603833"">欧派家居</span><span id=""quote_sh603833""></span>行业龙头地位不保，股价下行是必然趋势。现有股价泡沫大、风险高，未来几周持续看空，大阴线不可避免。<span id=""show_stock_str"" ></span>",欧派全屋定制上线后，在业界的口碑遭遇滑坡，微博上差评满
36,04月09日 ,江苏股友,"1986年大学毕业的他被分配到了江西景德镇的一所中专当老师，安稳的生活让从小贫穷的他感到一丝不安，他只想着要赚钱。与别人合伙开餐厅被学校开除后，本以为可以好好经营餐馆的他却因为严整吃喝之风让餐馆倒闭了，还欠了8000元。身无分文的姚良松根本还不起这8000元，何况这是在1988年的中国，这8000元相当于一笔天文数字。姚良松在最开始好像并不适合创业，当债主找上门的时候，姚良松被迫接受无情的打骂。但就是再打骂他也还不上这笔钱，无奈之下他只能为了躲债背井离乡。姚良松辗转到了西安投奔了老同学，在同学的介绍下他当上了一个电子理疗仪的推销员，但这次雇他的公司倒闭了，姚良松又开始流浪的生活。他去过成都、上海、厦门等各大城市，找工作也都是屡屡碰壁。在他最穷的时候没有毛巾洗脸，甚至连一个茶叶蛋都买不起，更别说能吃一顿饱饭。时来运转做理疗仪但是人不是一直都是倒霉的。1991年有一家做电子机械的客户，愿意姚良松在广州推销产品，不但给了他两箱产品，并且还给了他1000块的周转资金。重新获得信任的姚良松像打了鸡血一样每天跑出去推销，仅仅在几个月之后他就收入了几千元，这时候他有能力偿还债务了。1992年，姚良松创立了第一家公司：广州<span class=""showStock"" id=""stock_sz300565"">科信技术</span><span id=""quote_sz300565""></span>发展公司，开始生产自己的产品绿海风湿关节炎治疗仪，成了百万富翁。或许大企业家的身上都流淌着不安分爱折腾的血液，小有成就的姚良松又发现了新的商机。老赖逆袭成首富，6000家门店遍布中国在一次偶然的机会下，姚良松陪妹妹买家具，妹妹随口赞叹的橱柜让他发现了新的商机。说干就干，但姚良松这次并不盲目的投入，而第一步是做市场调研。调研结果显示，市场上的橱柜都是从欧洲进口的，国内并没有做欧式橱柜的公司，这个结果让姚良松喜出望外。并且调查结果显示，欧式家具投入的成本并不高，而且国内没有竞争压力，如果他第一个进入很有可能垄断欧式家具的市场。1994年的时候，中国人收入并没有很高，厨房上面的装修并不会花很多的心思，然而他遇见了未来中国必定会发展到和欧洲一样，所以他当机立断的率先将欧洲“整体厨房”概念引入中国。<span id=""show_stock_str"" ></span>",1986年大学毕业的他被分配到了江西景德镇的一所中专当老师
38,04月01日 ,内蒙古股友,"今年中山一支奇葩股又要上天复星要抢！粤港澳大湾区整合港口资源！粤港澳只保留深圳广州珠海三港口集团便于自贸保税区管理，<span class=""showStock"" id=""stock_sz000685"">中山公用</span><span id=""quote_sz000685""></span>旗下港口及港务运输及物流以及临港土地几十亿又白赚了！<span class=""showStock"" id=""stock_sz000685"">中山公用</span><span id=""quote_sz000685""></span>！光闹市农贸市场一千多亩就100多亿土地价真是大土豪啊咱　　中山唯一国资整合平台盯准了<span class=""showStock"" id=""stock_sz000685"">中山公用</span><span id=""quote_sz000685""></span>！光闹市农贸市场一千多亩就100多亿土地价值！持股广发100亿盯准了<span class=""showStock"" id=""stock_sz000685"">中山公用</span><span id=""quote_sz000685""></span>！光闹市农贸市场一千多亩就100多亿土地价值！持股广发100亿其它创投及小额金融50亿还有自来水厂水库及收购的几家环保公司以及在中山的中山港口资产森林绿地资产保守100亿，<span class=""showStock"" id=""stock_sz000685"">中山公用</span><span id=""quote_sz000685""></span>市值不低于350亿！还涨3倍呢<span id=""show_stock_str"" ></span>",今年中山一支奇葩股又要上天复星要抢！粤港澳大湾区整合港
39,03月30日 ,浙江股友,"3月29日晚间，国美零售（00493.HK）发布了2018年度业绩报告。报告期内，国美零售线上线下交易总额（GMV）1326亿元（单位：人民币，下同），全年综合毛利率达16.8%，继续保持行业内的较高水平。2018年是国美零售从“电器零售”向市场更为广阔的“家・生活”领域转型，主动进行了业务结构的创新调整，在保持家电业务持续增长的同时，加速高增长、高毛利的新业务落地。财报显示，以家庭整体解决方案、柜电一体化为代表的新业务销售占比由2017年的0.1%劲增至2018年的4.7%，同比增速46倍。值得注意的是，新业务的毛利率高达18.7%，远高于同期综合毛利率1.9个百分点。此外，国美大力发展社交电商――美店，2018年全年GMV同比增长368%；服务GMV同比增长51%；智能产品GMV同比增长89%。截至2018年12月31日止公司现金充裕，拥有现金及现金等价物为101亿元。国美零售总裁王俊洲表示，2018年是国美进行“家・生活”战略转型的元年。这一年，新业务几乎是从零开始，但增速和毛利率表现令我们充满信心。可以说，这些新业务像一节节高增长、高毛利的动车车厢，随着转型提速，新业务将带领国美这辆动车高速地行驶在“家・生活”的赛道上，实现“家・生活”整体方案提供商、服务解决商和供应链输出商的全面转型。新业务增速迅猛 转型整体方案提供商财报显示，2018年国美发力新业务端，与欧洲最大的橱柜厨电零售连锁品牌IXINA独家合作，并将在今年4月在国内落地第一家IXINA门店，2019年预计全国开店8家；同时还将引进<span class=""showStock"" id=""stock_sh603833"">欧派家居</span><span id=""quote_sh603833""></span>、<span class=""showStock"" id=""stock_sh603180"">金牌厨柜</span><span id=""quote_sh603180""></span>、<span class=""showStock"" id=""stock_sh603801"">志邦家居</span><span id=""quote_sh603801""></span>等优质品牌入驻门店，预计2019年全国开店100家。集成中央空调、地暖、新风、全屋净水、安防系统、中央除尘系统、智能家居系统和中央热水系统等八大系统的“舒适家”业务，截至2018年12月31日已经打造38家专厅，并且业绩翻番，其中地暖和中央空调销售收入同比增幅超113%。2019年，国美预计打造500家专厅，培养500名“舒适家”专业顾问。此外，国美还通过与大树装饰、<span class=""showStock"" id=""stock_sz300616"">尚品宅配</span><span id=""quote_sz300616""></span>、宜和宜美等知名品牌的合作拓展家装业务，目前已入驻200多家门店。2018年，国美聚焦智能物联场景，与百度、爱奇艺、<span class=""showStock"" id=""stock_sz002415"">海康威视</span><span id=""quote_sz002415""></span>、芒果TV、<span class=""showStock"" id=""stock_sz002230"">科大讯飞</span><span id=""quote_sz002230""></span>、风行网实现技术合作，对智能家庭解决方案和智能产品制造进行布局，预计2019年将打造100家智能综合体验厅。加速服务产品化 推进服务解决商转型在服务端，国美零售服务呈现出规模化、专业化发展态势，业绩贡献率稳步提升，2018国美管家全年安装量较2017年提升20%，截至目前服务用户已超1500万人，共管理家电设备3000余万台。此外，国美管家正加速推进服务产品化，服务产品SKU由300个增长至800个。 在仓配体系上，国美全国的仓库数量已达2186个，覆盖全国92%的城市。财报显示，国美已有仓储面积达300万平方米，未来预计新增 200万平方米仓储面积。美店 新店型 开辟线上线下流量新入口除上述业务外，国美在渠道拓展方面同样取得成果。在线上，社交电商――美店GMV同比增长368%，42万美店店主累计服务用户350万。在线下，国美继续在一二线城市打造以家庭生活消费体验场景为主的综合型体验馆，在三至六线城市开设县域店及新零售店。截至2018年底，国美全国门店总数已达2122家，其中县域店513家，2019年计划开设县域店和新零售店合计约700家，满足三至六线城市日益增长的消费升级需求。同时，国美与居然之家、红星<span class=""showStock"" id=""stock_sh601828"">美凯龙</span><span id=""quote_sh601828""></span>、欧亚达等家居建材连锁品牌展开合作，快速布局家居建材市场。国美零售CFO方巍表示，国美通过家电销售业务支撑了企业三十多年来的高速发展，2018年开始主动寻求转型，希望通过高增长、高毛利的新业务支撑企业未来的发展。目前来看，各项新业务发展势头迅猛，未来将为国美提供可持续性的收益，“家・生活”的战略转型最终也会为股东和投资人创造更大价值。<span id=""show_stock_str"" ></span>",国美年报新业务持续增长 服务端GMV同比增长51%
40,03月28日 ,<a href='/u/6901149448' title='用户6901149448'>用户6901149448</a>,"对标<span class=""showStock"" id=""stock_sz000786"">北新建材</span><span id=""quote_sz000786""></span>，<span class=""showStock"" id=""stock_sh603898"">好莱客</span><span id=""quote_sh603898""></span>，<span class=""showStock"" id=""stock_sz300616"">尚品宅配</span><span id=""quote_sz300616""></span>，<span class=""showStock"" id=""stock_sz002572"">索菲亚</span><span id=""quote_sz002572""></span>，<span class=""showStock"" id=""stock_sh603737"">三棵树</span><span id=""quote_sh603737""></span>，<span class=""showStock"" id=""stock_sz002271"">东方雨虹</span><span id=""quote_sz002271""></span>，欧派，顾家，就知<span class=""showStock"" id=""stock_sz002043"">兔宝宝</span><span id=""quote_sz002043""></span>的估值太低了<span id=""show_stock_str"" ></span>",对标北新建材，好莱客，尚品宅配，索菲亚
43,12月22日 ,吉林股友,"12月21日<span class=""showStock"" id=""stock_sh603833"">欧派家居</span><span id=""quote_sh603833""></span>沪股通持仓数据     收盘价： 82.09 涨跌幅： -0.98%   持股量： 343.53万股 持股变化： -2.41万股      数据显示，截至12月21日<span class=""showStock"" id=""stock_sh603833"">欧派家居</span><span id=""quote_sh603833""></span>于沪股通持股量为343.53万股，占其A股股本比例为3.72%，比上一交易日减少2.41万股。据数据统计，该股近一个月内累计涨幅为-2.93%，沪股通累计加仓26.41万，沪股通持仓累计变化比例为8.33%，近三个月内累计涨幅为-15.02%，沪股通累计加仓6.08万，沪股通持仓累计变化比例为1.80%。  数据来源:<span id=""show_stock_str"" ></span>",欧派家居12月21日获沪股通减仓2.41万
44,12月21日 ,安徽股友,"今日<span class=""showStock"" id=""stock_sh603833"">欧派家居</span><span id=""quote_sh603833""></span>主力净流入额达32.86万元，净占比1.05%， 其中超大单净流入额8.27万元,净占比0.27%， 大单净流入额24.58万元，净占比0.79%。       <span class=""showStock"" id=""stock_sh603833"">欧派家居</span><span id=""quote_sh603833""></span>资金流向数据    类型 流入(万元) 流出(万元)   超大 18.17 -9.90   大单 946.97 -922.39   中单 779.14 -921.04   小单 1365.41 -1256.36      资金解读   <span class=""showStock"" id=""stock_sh603833"">欧派家居</span><span id=""quote_sh603833""></span>收盘涨幅-0.98%，  其中，成交最活跃的价格分别为82.90、82.88、82.89，成交密集的手数区间分布于30-50、20-30、70-100手，小单介入居多。   成交活跃统计 9:30-15:00 成交均价 82.00    成交价格 主买累计成交量 主卖累计成交量 主买占比 主卖占比   82.90 3900 0 1.02% 0.00%   82.88 1700 200 0.45% 0.05%   82.89 1300 400 0.34% 0.11%   82.87 600 0 0.16% 0.00%   82.86 100 0 0.03% 0.00%     成交手数分布 主买累计成交量 主卖累计成交量 主买估算笔数 主卖估算笔数   30-50 0 38683 0  774    20-30 14000 14400 467  480    70-100 0 16400 0  164    15-20 4800 11500 240  575    50-70 0 5817 0  83      左右拖动表格，可查看剩余表格内容 行业个股资金流    木业家具成分股主力净流入排行   序号 代码 名称 涨幅 主力净流入   1 002043 <span class=""showStock"" id=""stock_sz002043"">兔宝宝</span><span id=""quote_sz002043""></span>  2.27% 415.92万   2 603313 <span class=""showStock"" id=""stock_sh603313"">梦百合</span><span id=""quote_sh603313""></span>  3.63% 143.69万   3 300616 <span class=""showStock"" id=""stock_sz300616"">尚品宅配</span><span id=""quote_sz300616""></span>  1.57% 137.26万   4 002631 <span class=""showStock"" id=""stock_sz002631"">德尔未来</span><span id=""quote_sz002631""></span>  -0.72% 50.42万   5 603326 <span class=""showStock"" id=""stock_sh603326"">我乐家居</span><span id=""quote_sh603326""></span>  -0.18% 42.33万   6 603833 <span class=""showStock"" id=""stock_sh603833"">欧派家居</span><span id=""quote_sh603833""></span>  -0.98% 32.86万     数据来源:<span id=""show_stock_str"" ></span>",欧派家居12月21日资金揭秘
45,12月21日 ,吉林股友,"12月20日<span class=""showStock"" id=""stock_sh603833"">欧派家居</span><span id=""quote_sh603833""></span>沪股通持仓数据     收盘价： 82.90 涨跌幅： -0.50%   持股量： 345.94万股 持股变化： -4.30万股      数据显示，截至12月20日<span class=""showStock"" id=""stock_sh603833"">欧派家居</span><span id=""quote_sh603833""></span>于沪股通持股量为345.94万股，占其A股股本比例为3.75%，比上一交易日减少4.30万股。据数据统计，该股近一个月内累计涨幅为-2.47%，沪股通累计加仓33.26万，沪股通持仓累计变化比例为10.64%，近三个月内累计涨幅为-9.79%，沪股通累计加仓8.49万，沪股通持仓累计变化比例为2.52%。  数据来源:<span id=""show_stock_str"" ></span>",欧派家居12月20日获沪股通减仓4.30万
46,12月20日 ,安徽股友,"今日<span class=""showStock"" id=""stock_sh603833"">欧派家居</span><span id=""quote_sh603833""></span>主力净流入额达137.52万元，净占比4.77%， 其中超大单净流入额-17.04万元,净占比-0.60%， 大单净流入额154.56万元，净占比5.46%。       <span class=""showStock"" id=""stock_sh603833"">欧派家居</span><span id=""quote_sh603833""></span>资金流向数据    类型 流入(万元) 流出(万元)   超大 209.66 -226.70   大单 309.87 -155.31   中单 762.04 -928.90   小单 1550.91 -1521.57      资金解读   <span class=""showStock"" id=""stock_sh603833"">欧派家居</span><span id=""quote_sh603833""></span>收盘涨幅-0.50%，  其中，成交最活跃的价格分别为84.00、84.01、84.60，成交密集的手数区间分布于200-300、20-30、15-20手，中单介入居多。   成交活跃统计 9:30-15:00 成交均价 81.98    成交价格 主买累计成交量 主卖累计成交量 主买占比 主卖占比   84.00 2300 15700 0.66% 4.51%   84.01 0 3100 0.00% 0.89%   84.60 100 0 0.03% 0.00%   84.58 100 0 0.03% 0.00%   84.14 100 0 0.03% 0.00%     成交手数分布 主买累计成交量 主卖累计成交量 主买估算笔数 主卖估算笔数   200-300 20000 0 67  0    20-30 4100 4200 137  140    15-20 1700 5000 85  250    50-70 6600 0 94  0    30-50 0 3600 0  72      左右拖动表格，可查看剩余表格内容 行业个股资金流    木业家具成分股主力净流入排行   序号 代码 名称 涨幅 主力净流入   1 603389 <span class=""showStock"" id=""stock_sh603389"">亚振家居</span><span id=""quote_sh603389""></span>  9.99% 3128.14万   2 000592 <span class=""showStock"" id=""stock_sz000592"">平潭发展</span><span id=""quote_sz000592""></span>  2.18% 454.83万   3 002489 <span class=""showStock"" id=""stock_sz002489"">浙江永强</span><span id=""quote_sz002489""></span>  3.68% 356.89万   4 600076 <span class=""showStock"" id=""stock_sh600076"">康欣新材</span><span id=""quote_sh600076""></span>  1.82% 279.51万   5 300749 <span class=""showStock"" id=""stock_sz300749"">顶固集创</span><span id=""quote_sz300749""></span>  1.04% 168.54万   7 603833 <span class=""showStock"" id=""stock_sh603833"">欧派家居</span><span id=""quote_sh603833""></span>  -0.50% 137.52万     数据来源:<span id=""show_stock_str"" ></span>",欧派家居12月20日资金揭秘
47,12月20日 ,吉林股友,12月19日欧派家居沪股通持仓数据     收盘价： 83.32 涨跌幅： -4.96%   持股量： 350.24万股 持股变化： -3.91万股      数据显示，截至12月19日欧派家居于沪股通持股量为350.24万股，占其A股股本比例为3.80%，比上一交易日减少3.91万股。据数据统计，该股近一个月内累计涨幅为-4.44%，沪股通累计加仓39.65万，沪股通持仓累计变化比例为12.77%，近三个月内累计涨幅为-10.15%，沪股通累计加仓32.79万，沪股通持仓累计变化比例为10.33%。  数据来源:,欧派家居12月19日获沪股通减仓3.91万
48,12月19日 ,安徽股友,"今日<span class=""showStock"" id=""stock_sh603833"">欧派家居</span><span id=""quote_sh603833""></span>主力净流入额达170.37万元，净占比2.91%， 其中超大单净流入额0.00元,净占比0.00%， 大单净流入额170.37万元，净占比2.92%。       <span class=""showStock"" id=""stock_sh603833"">欧派家居</span><span id=""quote_sh603833""></span>资金流向数据    类型 流入(万元) 流出(万元)   超大 0.00 0.00   大单 896.78 -726.41   中单 1815.50 -1487.20   小单 3126.93 -3625.60      资金解读   <span class=""showStock"" id=""stock_sh603833"">欧派家居</span><span id=""quote_sh603833""></span>收盘涨幅-4.96%，  其中，成交最活跃的价格分别为86.68、86.67、86.70，成交密集的手数区间分布于20-30、50-70、30-50手，小单介入居多。   成交活跃统计 9:30-15:00 成交均价 83.83    成交价格 主买累计成交量 主卖累计成交量 主买占比 主卖占比   86.68 0 700 0.00% 0.10%   86.67 100 100 0.01% 0.01%   86.70 100 0 0.01% 0.00%   86.69 100 0 0.01% 0.00%   86.63 100 0 0.01% 0.00%     成交手数分布 主买累计成交量 主卖累计成交量 主买估算笔数 主卖估算笔数   20-30 2000 17111 67  570    50-70 0 17900 0  256    30-50 0 15000 0  300    15-20 4900 8400 245  420    70-100 0 9100 0  91      左右拖动表格，可查看剩余表格内容 行业个股资金流    木业家具成分股主力净流入排行   序号 代码 名称 涨幅 主力净流入   1 002751 <span class=""showStock"" id=""stock_sz002751"">易尚展示</span><span id=""quote_sz002751""></span>  4.17% 871.49万   2 600978 <span class=""showStock"" id=""stock_sh600978"">宜华生活</span><span id=""quote_sh600978""></span>  -0.43% 536.12万   3 603833 <span class=""showStock"" id=""stock_sh603833"">欧派家居</span><span id=""quote_sh603833""></span>  -4.96% 170.37万   4 002572 <span class=""showStock"" id=""stock_sz002572"">索菲亚</span><span id=""quote_sz002572""></span>  0.76% 113.26万   5 600337 <span class=""showStock"" id=""stock_sh600337"">美克家居</span><span id=""quote_sh600337""></span>  0.00% 51.56万     数据来源:<span id=""show_stock_str"" ></span>",欧派家居12月19日资金揭秘
49,12月19日 ,吉林股友,"12月18日<span class=""showStock"" id=""stock_sh603833"">欧派家居</span><span id=""quote_sh603833""></span>沪股通持仓数据     收盘价： 87.67 涨跌幅： 1.65%   持股量： 354.15万股 持股变化： -4.24万股      数据显示，截至12月18日<span class=""showStock"" id=""stock_sh603833"">欧派家居</span><span id=""quote_sh603833""></span>于沪股通持股量为354.15万股，占其A股股本比例为3.84%，比上一交易日减少4.24万股。据数据统计，该股近一个月内累计涨幅为-0.36%，沪股通累计加仓41.57万，沪股通持仓累计变化比例为13.30%，近三个月内累计涨幅为0.08%，沪股通累计加仓50.14万，沪股通持仓累计变化比例为16.49%。  数据来源:<span id=""show_stock_str"" ></span>",欧派家居12月18日获沪股通减仓4.24万
50,12月18日 ,安徽股友,"今日<span class=""showStock"" id=""stock_sh603833"">欧派家居</span><span id=""quote_sh603833""></span>主力净流入额达288.06万元，净占比4.51%， 其中超大单净流入额0.00元,净占比0.00%， 大单净流入额288.06万元，净占比4.58%。       <span class=""showStock"" id=""stock_sh603833"">欧派家居</span><span id=""quote_sh603833""></span>资金流向数据    类型 流入(万元) 流出(万元)   超大 0.00 0.00   大单 572.88 -284.82   中单 1769.77 -2168.09   小单 3945.40 -3835.14      资金解读   <span class=""showStock"" id=""stock_sh603833"">欧派家居</span><span id=""quote_sh603833""></span>收盘涨幅1.65%，  其中，成交最活跃的价格分别为87.67、87.88、87.87，成交密集的手数区间分布于10-15、50-70、30-50手，小单介入居多。   成交活跃统计 9:30-15:00 成交均价 85.28    成交价格 主买累计成交量 主卖累计成交量 主买占比 主卖占比   87.67 5400 5300 0.72% 0.71%   87.88 700 0 0.09% 0.00%   87.87 200 0 0.03% 0.00%   87.64 0 100 0.00% 0.01%   87.60 100 0 0.01% 0.00%     成交手数分布 主买累计成交量 主卖累计成交量 主买估算笔数 主卖估算笔数   10-15 17600 21400 1173  1427    50-70 6200 5000 89  71    30-50 4700 6200 94  124    15-20 1600 9200 80  460    20-30 2000 0 67  0      左右拖动表格，可查看剩余表格内容 行业个股资金流    木业家具成分股主力净流入排行   序号 代码 名称 涨幅 主力净流入   1 000592 <span class=""showStock"" id=""stock_sz000592"">平潭发展</span><span id=""quote_sz000592""></span>  0.72% 424.64万   2 603833 <span class=""showStock"" id=""stock_sh603833"">欧派家居</span><span id=""quote_sh603833""></span>  1.65% 288.06万   3 603816 <span class=""showStock"" id=""stock_sh603816"">顾家家居</span><span id=""quote_sh603816""></span>  -0.27% 272.17万   4 300616 <span class=""showStock"" id=""stock_sz300616"">尚品宅配</span><span id=""quote_sz300616""></span>  -1.09% 142.20万   5 603898 <span class=""showStock"" id=""stock_sh603898"">好莱客</span><span id=""quote_sh603898""></span>  -1.57% 64.94万     数据来源:<span id=""show_stock_str"" ></span>",欧派家居12月18日资金揭秘
51,12月18日 ,吉林股友,"12月17日<span class=""showStock"" id=""stock_sh603833"">欧派家居</span><span id=""quote_sh603833""></span>沪股通持仓数据     收盘价： 86.25 涨跌幅： -0.48%   持股量： 358.39万股 持股变化： 14.64万股      数据显示，截至12月17日<span class=""showStock"" id=""stock_sh603833"">欧派家居</span><span id=""quote_sh603833""></span>于沪股通持股量为358.39万股，占其A股股本比例为3.89%，比上一交易日增加14.64万股。据数据统计，该股近一个月内累计涨幅为-1.98%，沪股通累计加仓45.81万，沪股通持仓累计变化比例为14.65%，近三个月内累计涨幅为4.38%，沪股通累计加仓55.92万，沪股通持仓累计变化比例为18.49%。  数据来源:<span id=""show_stock_str"" ></span>",欧派家居12月17日获沪股通加仓14.64万
52,12月17日 ,安徽股友,"今日<span class=""showStock"" id=""stock_sh603833"">欧派家居</span><span id=""quote_sh603833""></span>主力净流入额达-162.68万元，净占比-2.15%， 其中超大单净流入额0.00元,净占比0.00%， 大单净流入额-162.68万元，净占比-2.16%。       <span class=""showStock"" id=""stock_sh603833"">欧派家居</span><span id=""quote_sh603833""></span>资金流向数据    类型 流入(万元) 流出(万元)   超大 0.00 0.00   大单 73.73 -236.41   中单 1457.79 -3184.20   小单 5989.36 -4100.28      资金解读   <span class=""showStock"" id=""stock_sh603833"">欧派家居</span><span id=""quote_sh603833""></span>收盘涨幅-0.48%，  其中，成交最活跃的价格分别为88.52、88.97、88.90，成交密集的手数区间分布于5-7、10-15、7-10手，小单介入居多。   成交活跃统计 9:30-15:00 成交均价 86.69    成交价格 主买累计成交量 主卖累计成交量 主买占比 主卖占比   88.52 0 1200 0.00% 0.14%   88.97 200 0 0.02% 0.00%   88.90 200 0 0.02% 0.00%   88.84 200 0 0.02% 0.00%   88.88 100 0 0.01% 0.00%     成交手数分布 主买累计成交量 主卖累计成交量 主买估算笔数 主卖估算笔数   5-7 22600 24500 3229  3500    10-15 15300 13169 1020  878    7-10 11300 8600 1130  860    20-30 4900 4100 163  137    15-20 3200 4800 160  240      左右拖动表格，可查看剩余表格内容 行业个股资金流    木业家具成分股主力净流入排行   序号 代码 名称 涨幅 主力净流入   1 002853 <span class=""showStock"" id=""stock_sz002853"">皮阿诺</span><span id=""quote_sz002853""></span>  5.30% 265.81万   2 603226 <span class=""showStock"" id=""stock_sh603226"">菲林格尔</span><span id=""quote_sh603226""></span>  1.41% 60.32万   3 601996 <span class=""showStock"" id=""stock_sh601996"">丰林集团</span><span id=""quote_sh601996""></span>  0.33% 46.40万   4 002631 <span class=""showStock"" id=""stock_sz002631"">德尔未来</span><span id=""quote_sz002631""></span>  0.85% 40.30万   5 603313 <span class=""showStock"" id=""stock_sh603313"">梦百合</span><span id=""quote_sh603313""></span>  0.73% 37.06万   25 603833 <span class=""showStock"" id=""stock_sh603833"">欧派家居</span><span id=""quote_sh603833""></span>  -0.48% -162.68万     数据来源:<span id=""show_stock_str"" ></span>",欧派家居12月17日资金揭秘
53,12月17日 ,青海股友,明年必上315.8万的衣柜墙纸，安装后整屋空气甲醛超标三倍，欧派监理自己找人来测的数据，然后只认三分之一责任，国内企业就这样，利益最大化。看看百度上曝出来的投诉，有买家说3万的东西质量不如3000的，我的也感觉出来，真的是垃圾东西，销售都是睁眼瞎一般的吹。如果没上315那就真是人傻钱多了。,明年必上315.8万的衣柜墙纸，安装后整屋空气甲醛超标三倍
54,12月15日 ,吉林股友,12月14日欧派家居沪股通持仓数据     收盘价： 86.67 涨跌幅： -2.78%   持股量： 343.75万股 持股变化： 1.39万股      数据显示，截至12月14日欧派家居于沪股通持股量为343.75万股，占其A股股本比例为3.73%，比上一交易日增加1.39万股。据数据统计，该股近一个月内累计涨幅为7.46%，沪股通累计加仓47.60万，沪股通持仓累计变化比例为16.07%，近三个月内累计涨幅为-1.93%，沪股通累计加仓39.88万，沪股通持仓累计变化比例为13.13%。  数据来源:,欧派家居12月14日获沪股通加仓1.39万
55,12月14日 ,吉林股友,"12月13日<span class=""showStock"" id=""stock_sh603833"">欧派家居</span><span id=""quote_sh603833""></span>沪股通持仓数据     收盘价： 89.15 涨跌幅： 5.47%   持股量： 342.36万股 持股变化： -9675股      数据显示，截至12月13日<span class=""showStock"" id=""stock_sh603833"">欧派家居</span><span id=""quote_sh603833""></span>于沪股通持股量为342.36万股，占其A股股本比例为3.71%，比上一交易日减少9675股。据数据统计，该股近一个月内累计涨幅为9.05%，沪股通累计加仓50.50万，沪股通持仓累计变化比例为17.30%，近三个月内累计涨幅为3.09%，沪股通累计加仓34.53万，沪股通持仓累计变化比例为11.22%。  数据来源:<span id=""show_stock_str"" ></span>",欧派家居12月13日获沪股通减仓9675
56,12月13日 ,辽宁股友,"线上阴线买，线下阳线卖”，是“支撑线上阴线买入法”，是非常实用的操盘战法。线上阴线买，就是股价回调到支撑线的时候买入，买完之后往往是暴涨。当然不能保证有100%的成功率，如果跌破这根支撑线，就需要线下阳线抛。线上阴线的重点就是这个“线”，首先要确定这个“线是指的什么”。线上阴线“线”是指什么?“线”就是重要的压力或者支撑线，也可以是均线。利用这个线可以找到合适的进场机会。如图所示：就是突破重要压力后的回踩反抽时的阴线进场时机。30均线是中期比较重要的均线，所以此方法也适用于30均线。对30均线的突破，回踩30均线时30均线181向7573上6275是能找小编的比较好的进场时机。为什么是阴线进，阳线抛?以线上阴线举例，因为阴线的调整才能确定阳线的突破是否成立。如果回踩的阴线跌破均线或者压力线，即突破时假突破可以不介入，这样一是避免了阳线追高的成本，二是避免了假突破。线上阴线进场条件? 阴线进场，一定要等10日均线过来(股价回到10日均线)再进场，不要着急。? 盘中的阴线也算阴线，很多时候是以下影线方式确认10日均线。? 强势洗盘，一般不会到10日均线，因此要10日均线加几分钱进场。? 注意成交量，突破放量，整理缩量。? 最好是在相对底部突破的股票成功率更高，对于相对高位盘整不参与。? 同样适用周线和月线。? 止损原则：盘整时间不应该超过14天。超过应止损出局。跌破10日均线止损或等反抽止损。? 最好配合资金流向和其他技术研判，提高成功率。线上阴线―中继平台突破股价在经过一段时间放量上涨之后，遇到某压力开始连续冲高回落，通常出现这种情况是属于真实的上涨受阻，所以主力会选择以时间换空间来进行整理。由于前面的一波拉升积累了不少获利盘，因此为了清洗获利筹码和抬高平均持股成本，就必须要构筑一个平台。这个平台的位置决定了横盘周期的长短，一般情况下是横盘1-2周左右就会选择突破。但也有个别情况主力会在这个平台上横盘1-2个月，如果是这样情况说明主力在前期的吸筹不够充分在低位建仓的时候没有拿到太多筹码，所以这个平台属于拔高后的第二次建仓行为。注意的是前面的波段上涨幅度不能太大，最好是刚刚脱离底部区域。在均线多头排列的条件下，当后市股价突破前期高点的阻力线时，就意味着新的波段上涨开始运行，当日成功突破后可以作为一个进场时机，或者在次日回抽平台上方的时候也是不错的选择。另外突破日的阳线越长越好，涨停最佳并且要伴随着成交量放大。而在突破日之前平台上表现整理的小阴小阳必须缩量才健康。线下阳线卖股票操作毕竟是概率性的，不可能百分之百。那么，如果发现买错了，怎么办呢?首先不能看见下跌就斩仓出局。线下阳线卖，说的就是股票操作发现错误，要等待股价向上反弹这个根均线的时候出局。这是一种逃生的手段。不过要求分析的时候使用未除权的数据。江恩八线虽是均线，但是在经过对市场大势分析及不断研究后提出的，具有很好的实战效果。线下阳线卖实战案例：案例1：如图某年某月某日<span class=""showStock"" id=""stock_sz000410"">沈阳机床</span><span id=""quote_sz000410""></span>案例中可看出，做短线的股票第一个要看的是日K线走势图，股价不再创新高而是不断压低重心，第一次突破不了暗马五号线，接下来就开始了一路暴跌行情，所以有句话是：线下阳线抛，抛错也要抛!案例2：如图某年某月某日<span class=""showStock"" id=""stock_sh600104"">上汽集团</span><span id=""quote_sh600104""></span>这个股票的短线操作机会，形成金叉买入信号，而且再次回调到工作线附近，这种线上阴线买，买错也要买。但是会买不会卖，是孙子，所以当出现线上阳线时，每一处都是最佳卖点，锁定利润!案例3：如图某年某月某日<span class=""showStock"" id=""stock_sh600367"">红星发展</span><span id=""quote_sh600367""></span>(600367)的周收盘价收在工作线之下，也是发生过死叉以后的卖点。线上阳线卖，卖错也要卖，及时懂得止损才是长存股市之道。（来源：张晓豪分析的财富号 2018-12-13 15:20） [点击查看原文]<span id=""show_stock_str"" ></span>",成功率极高的“支撑线上阴线”买入法：线上阴线买
57,12月13日 ,吉林股友,12月12日欧派家居沪股通持仓数据     收盘价： 84.53 涨跌幅： 3.34%   持股量： 343.32万股 持股变化： 8150股      数据显示，截至12月12日欧派家居于沪股通持股量为343.32万股，占其A股股本比例为3.72%，比上一交易日增加8150股。据数据统计，该股近一个月内累计涨幅为4.59%，沪股通累计加仓51.70万，沪股通持仓累计变化比例为17.73%，近三个月内累计涨幅为-0.35%，沪股通累计加仓33.38万，沪股通持仓累计变化比例为10.77%。  数据来源:,欧派家居12月12日获沪股通加仓8150
58,12月12日 ,吉林股友,"12月11日<span class=""showStock"" id=""stock_sh603833"">欧派家居</span><span id=""quote_sh603833""></span>沪股通持仓数据     收盘价： 81.80 涨跌幅： 2.47%   持股量： 342.51万股 持股变化： 2.28万股      数据显示，截至12月11日<span class=""showStock"" id=""stock_sh603833"">欧派家居</span><span id=""quote_sh603833""></span>于沪股通持股量为342.51万股，占其A股股本比例为3.71%，比上一交易日增加2.28万股。据数据统计，该股近一个月内累计涨幅为3.09%，沪股通累计加仓47.40万，沪股通持仓累计变化比例为16.06%，近三个月内累计涨幅为-2.95%，沪股通累计加仓34.14万，沪股通持仓累计变化比例为11.07%。  数据来源:<span id=""show_stock_str"" ></span>",欧派家居12月11日获沪股通加仓2.28万
59,12月11日 ,安徽股友,"今日欧派家居主力净流入额达-111.43万元，净占比-2.97%， 其中超大单净流入额0.00元,净占比0.00%， 大单净流入额-111.43万元，净占比-2.98%。       欧派家居资金流向数据    类型 流入(万元) 流出(万元)   超大 0.00 0.00   大单 175.60 -287.03   中单 930.60 -1390.69   小单 2629.94 -2058.42      资金解读   欧派家居收盘涨幅2.47%，  其中，成交最活跃的价格分别为81.88、81.85、81.87，成交密集的手数区间分布于7-10、15-20、30-50手，小单介入居多。   成交活跃统计 9:30-15:00 成交均价 81.37    成交价格 主买累计成交量 主卖累计成交量 主买占比 主卖占比   81.88 5500 3200 1.20% 0.70%   81.85 2500 2900 0.54% 0.63%   81.87 1800 2000 0.39% 0.43%   81.89 2400 700 0.52% 0.15%   81.86 1600 1100 0.35% 0.24%     成交手数分布 主买累计成交量 主卖累计成交量 主买估算笔数 主卖估算笔数   7-10 12700 6700 1270  670    15-20 3300 11900 165  595    30-50 3800 7700 76  154    10-15 4300 4777 287  318    20-30 4100 2900 137  97      左右拖动表格，可查看剩余表格内容 行业个股资金流    木业家具成分股主力净流入排行   序号 代码 名称 涨幅 主力净流入   1 300749 顶固集创  9.98% 3026.78万   2 002679 福建金森  3.56% 985.13万   3 002043 兔宝宝  0.74% 474.63万   4 000592 平潭发展  2.13% 168.53万   5 002718 友邦吊顶  4.07% 141.96万   29 603833 欧派家居  2.47% -111.43万     数据来源:",欧派家居12月11日资金揭秘
1,12月11日 ,吉林股友,今年的业绩是得益于去年年底的预售带来的上半年的营收，请问今年下半年的订单情况呢？18年也许不是未来业绩的至高点，但是是未来几年内的高峰的可能性还是极大的。利用18年年报出货已是最后下车机会，聪明资金早在三季报预增时就跑了。四季度的业绩不管如何年报都是要发布一季度财报的，这会是个尴尬的事情（19年的行情，谁身边还没认识几个装修行业的，随便打听下呗）。行业整合是个漫长的过程，尤其是产业并没有形成模式优劣之前。个人见解，就当胡扯。,今年的业绩是得益于去年年底的预售带来的上半年的营收
2,12月11日 ,吉林股友,明年的业绩，呵呵呵！彼得林奇曾告诫投资者要多去身边看看，现在的韭菜都从来不去新小区看看有几户装修的吗？还有就是身边的商场也不去逛逛吗？麻烦看看客流好不好？明年下半年能不能出业绩底都是个韭菜总是躁动不安的生怕自己错过了哪怕10%的反抽……个人判断年报前这段时间仍是出货阶段。,明年的业绩，呵呵呵！彼得林奇曾告诫投资者要多去身边看看
3,12月11日 ,吉林股友,12月10日欧派家居沪股通持仓数据     收盘价： 79.83 涨跌幅： -4.98%   持股量： 340.23万股 持股变化： 3.55万股      数据显示，截至12月10日欧派家居于沪股通持股量为340.23万股，占其A股股本比例为3.69%，比上一交易日增加3.55万股。据数据统计，该股近一个月内累计涨幅为0.60%，沪股通累计加仓45.12万，沪股通持仓累计变化比例为15.29%，近三个月内累计涨幅为-5.62%，沪股通累计加仓33.42万，沪股通持仓累计变化比例为10.89%。  数据来源:,欧派家居12月10日获沪股通加仓3.55万
4,12月10日 ,安徽股友,"今日<span class=""showStock"" id=""stock_sh603833"">欧派家居</span><span id=""quote_sh603833""></span>主力净流入额达-89.75万元，净占比-1.45%， 其中超大单净流入额262.73万元,净占比4.27%， 大单净流入额-352.48万元，净占比-5.73%。       <span class=""showStock"" id=""stock_sh603833"">欧派家居</span><span id=""quote_sh603833""></span>资金流向数据    类型 流入(万元) 流出(万元)   超大 262.73 0.00   大单 888.57 -1241.05   中单 1708.84 -2484.97   小单 3295.48 -2429.60      资金解读   <span class=""showStock"" id=""stock_sh603833"">欧派家居</span><span id=""quote_sh603833""></span>收盘涨幅-4.98%，  其中，成交最活跃的价格分别为83.94、83.50、83.66，成交密集的手数区间分布于10-15、30-50、20-30手，小单介入居多。   成交活跃统计 9:30-15:00 成交均价 80.17    成交价格 主买累计成交量 主卖累计成交量 主买占比 主卖占比   83.94 400 0 0.05% 0.00%   83.50 0 200 0.00% 0.03%   83.66 100 0 0.01% 0.00%   83.64 100 0 0.01% 0.00%   83.62 100 0 0.01% 0.00%     成交手数分布 主买累计成交量 主卖累计成交量 主买估算笔数 主卖估算笔数   10-15 16000 49600 1067  3307    30-50 26900 21400 538  428    20-30 16500 22600 550  753    15-20 15400 15726 770  786    50-70 10200 5000 146  71      左右拖动表格，可查看剩余表格内容 行业个股资金流    木业家具成分股主力净流入排行   序号 代码 名称 涨幅 主力净流入   1 600076 <span class=""showStock"" id=""stock_sh600076"">康欣新材</span><span id=""quote_sh600076""></span>  2.38% 264.50万   2 300483 <span class=""showStock"" id=""stock_sz300483"">沃施股份</span><span id=""quote_sz300483""></span>  -0.48% 129.27万   3 002798 <span class=""showStock"" id=""stock_sz002798"">帝欧家居</span><span id=""quote_sz002798""></span>  2.61% 117.96万   4 603180 <span class=""showStock"" id=""stock_sh603180"">金牌厨柜</span><span id=""quote_sh603180""></span>  0.40% 97.69万   5 603389 <span class=""showStock"" id=""stock_sh603389"">亚振家居</span><span id=""quote_sh603389""></span>  -0.19% 82.39万   26 603833 <span class=""showStock"" id=""stock_sh603833"">欧派家居</span><span id=""quote_sh603833""></span>  -4.98% -89.75万     数据来源:<span id=""show_stock_str"" ></span>",欧派家居12月10日资金揭秘
5,12月09日 ,重庆股友,昨天去欧派门店，本想签订一个整体厨房，算下来细细琢磨，1.7米的吊柜、4米不到的台面及其地柜，竟然要价超过1.2万元。其中，增加的三块小板的置物格，就要一千多元。说是实木颗粒板，外面贴纸，样品看不到横断面。欧派视顾客“钱多、人傻”，总有一天玩完。今天联系另一家，给了600元/平米的优待价格，同样的工程量不到5000元。那种很低端的产品，让欧派年年当做高科技新技术的产品卖给顾客，这种暴利还能持久吗？！靠忽悠人过日子的做法，最后肯定害人害己。,欧派股价必将大幅下挫
6,12月09日 ,北京股友,我2017年在北京十里河地铁口的居然之家欧派衣柜交了一万元定金，享受当时的价格和优惠。十月的时候，我和设计师出了方案图和设计图，结果今天去不认账，说那是去年的事情了。让我找去年的店长和业务员给我做。各位邻居在买东西的时候，一定不要被销售员忽悠！这种公司，早晚倒闭！,我2017年在北京十里河地铁口的居然之家欧派衣柜交了一万元
7,12月08日 ,吉林股友,"12月07日<span class=""showStock"" id=""stock_sh603833"">欧派家居</span><span id=""quote_sh603833""></span>沪股通持仓数据     收盘价： 84.01 涨跌幅： 1.35%   持股量： 336.67万股 持股变化： 1.15万股      数据显示，截至12月07日<span class=""showStock"" id=""stock_sh603833"">欧派家居</span><span id=""quote_sh603833""></span>于沪股通持股量为336.67万股，占其A股股本比例为3.65%，比上一交易日增加1.15万股。据数据统计，该股近一个月内累计涨幅为5.54%，沪股通累计加仓40.93万，沪股通持仓累计变化比例为13.84%，近三个月内累计涨幅为-8.52%，沪股通累计加仓32.54万，沪股通持仓累计变化比例为10.70%。  数据来源:<span id=""show_stock_str"" ></span>",欧派家居12月07日获沪股通加仓1.15万
8,12月07日 ,安徽股友,"今日欧派家居主力净流入额达-50.93万元，净占比-1.56%， 其中超大单净流入额-19.96万元,净占比-0.61%， 大单净流入额-30.98万元，净占比-0.95%。       欧派家居资金流向数据    类型 流入(万元) 流出(万元)   超大 0.00 -19.96   大单 561.50 -592.47   中单 825.78 -986.00   小单 1859.28 -1648.12      资金解读   欧派家居收盘涨幅1.35%，  其中，成交最活跃的价格分别为84.89、84.88、84.87，成交密集的手数区间分布于10-15、20-30、30-50手，小单介入居多。   成交活跃统计 9:30-15:00 成交均价 83.43    成交价格 主买累计成交量 主卖累计成交量 主买占比 主卖占比   84.89 3000 0 0.77% 0.00%   84.88 1500 0 0.39% 0.00%   84.87 600 0 0.15% 0.00%   84.86 400 200 0.10% 0.05%   84.85 400 0 0.10% 0.00%     成交手数分布 主买累计成交量 主卖累计成交量 主买估算笔数 主卖估算笔数   10-15 14382 11400 959  760    20-30 7300 16300 243  543    30-50 15021 7500 300  150    15-20 7178 6948 359  347    70-100 8200 0 82  0      左右拖动表格，可查看剩余表格内容 行业个股资金流    木业家具成分股主力净流入排行   序号 代码 名称 涨幅 主力净流入   1 600076 康欣新材  4.99% 1410.14万   2 600978 宜华生活  2.99% 477.85万   3 603816 顾家家居  1.57% 186.94万   4 603389 亚振家居  0.10% 129.74万   5 601996 丰林集团  0.65% 57.35万   23 603833 欧派家居  1.35% -50.93万     数据来源:",欧派家居12月07日资金揭秘
9,12月07日 ,吉林股友,"12月06日<span class=""showStock"" id=""stock_sh603833"">欧派家居</span><span id=""quote_sh603833""></span>沪股通持仓数据     收盘价： 82.89 涨跌幅： -1.32%   持股量： 335.52万股 持股变化： -9275股      数据显示，截至12月06日<span class=""showStock"" id=""stock_sh603833"">欧派家居</span><span id=""quote_sh603833""></span>于沪股通持股量为335.52万股，占其A股股本比例为3.64%，比上一交易日减少9275股。据数据统计，该股近一个月内累计涨幅为2.78%，沪股通累计加仓40.04万，沪股通持仓累计变化比例为13.55%，近三个月内累计涨幅为-8.27%，沪股通累计加仓40.01万，沪股通持仓累计变化比例为13.54%。  数据来源:<span id=""show_stock_str"" ></span>",欧派家居12月06日获沪股通减仓9275
10,12月06日 ,安徽股友,"今日<span class=""showStock"" id=""stock_sh603833"">欧派家居</span><span id=""quote_sh603833""></span>主力净流入额达254.65万元，净占比7.26%， 其中超大单净流入额174.66万元,净占比5.02%， 大单净流入额79.99万元，净占比2.30%。       <span class=""showStock"" id=""stock_sh603833"">欧派家居</span><span id=""quote_sh603833""></span>资金流向数据    类型 流入(万元) 流出(万元)   超大 303.01 -128.35   大单 256.34 -176.35   中单 1263.57 -1517.90   小单 1658.27 -1658.58      资金解读   <span class=""showStock"" id=""stock_sh603833"">欧派家居</span><span id=""quote_sh603833""></span>收盘涨幅-1.32%，  其中，成交最活跃的价格分别为85.00、84.98、84.99，成交密集的手数区间分布于10-15、15-20、150-200手，小单介入居多。   成交活跃统计 9:30-15:00 成交均价 83.54    成交价格 主买累计成交量 主卖累计成交量 主买占比 主卖占比   85.00 22500 2900 5.37% 0.69%   84.98 4107 600 0.98% 0.14%   84.99 3963 300 0.95% 0.07%   85.05 400 400 0.10% 0.10%   84.97 400 200 0.10% 0.05%     成交手数分布 主买累计成交量 主卖累计成交量 主买估算笔数 主卖估算笔数   10-15 12207 15450 814  1030    15-20 6700 9650 335  483    150-200 15100 0 76  0    20-30 5400 2000 180  67    50-70 0 5300 0  76      左右拖动表格，可查看剩余表格内容 行业个股资金流    木业家具成分股主力净流入排行   序号 代码 名称 涨幅 主力净流入   1 603389 <span class=""showStock"" id=""stock_sh603389"">亚振家居</span><span id=""quote_sh603389""></span>  -5.28% 861.71万   2 603833 <span class=""showStock"" id=""stock_sh603833"">欧派家居</span><span id=""quote_sh603833""></span>  -1.32% 254.65万   3 002679 <span class=""showStock"" id=""stock_sz002679"">福建金森</span><span id=""quote_sz002679""></span>  -2.04% 190.04万   4 000910 <span class=""showStock"" id=""stock_sz000910"">大亚圣象</span><span id=""quote_sz000910""></span>  -0.18% 188.23万   5 002631 <span class=""showStock"" id=""stock_sz002631"">德尔未来</span><span id=""quote_sz002631""></span>  0.98% 160.46万     数据来源:<span id=""show_stock_str"" ></span>",欧派家居12月06日资金揭秘
11,12月06日 ,吉林股友,12月05日欧派家居沪股通持仓数据     收盘价： 84.00 涨跌幅： -1.25%   持股量： 336.45万股 持股变化： 1.61万股      数据显示，截至12月05日欧派家居于沪股通持股量为336.45万股，占其A股股本比例为3.65%，比上一交易日增加1.61万股。据数据统计，该股近一个月内累计涨幅为2.63%，沪股通累计加仓31.64万，沪股通持仓累计变化比例为10.38%，近三个月内累计涨幅为-11.43%，沪股通累计加仓25.63万，沪股通持仓累计变化比例为8.25%。  数据来源:,欧派家居12月05日获沪股通加仓1.61万
12,12月05日 ,安徽股友,"今日<span class=""showStock"" id=""stock_sh603833"">欧派家居</span><span id=""quote_sh603833""></span>主力净流入额达27.66万元，净占比1.02%， 其中超大单净流入额0.00元,净占比0.00%， 大单净流入额27.66万元，净占比1.04%。       <span class=""showStock"" id=""stock_sh603833"">欧派家居</span><span id=""quote_sh603833""></span>资金流向数据    类型 流入(万元) 流出(万元)   超大 0.00 0.00   大单 205.14 -177.48   中单 754.15 -658.06   小单 1693.47 -1817.22      资金解读   <span class=""showStock"" id=""stock_sh603833"">欧派家居</span><span id=""quote_sh603833""></span>收盘涨幅-1.25%，  其中，成交最活跃的价格分别为84.80、84.73、84.78，成交密集的手数区间分布于30-50、7-10、10-15手，小单介入居多。   成交活跃统计 9:30-15:00 成交均价 82.50    成交价格 主买累计成交量 主卖累计成交量 主买占比 主卖占比   84.80 2200 0 0.68% 0.00%   84.73 1600 300 0.49% 0.09%   84.78 400 700 0.12% 0.22%   84.71 0 600 0.00% 0.19%   84.74 300 0 0.09% 0.00%     成交手数分布 主买累计成交量 主卖累计成交量 主买估算笔数 主卖估算笔数   30-50 8300 4700 166  94    7-10 4400 5514 440  551    10-15 6600 3086 440  206    20-30 4400 0 147  0    15-20 1500 0 75  0      左右拖动表格，可查看剩余表格内容 行业个股资金流    木业家具成分股主力净流入排行   序号 代码 名称 涨幅 主力净流入   1 002043 <span class=""showStock"" id=""stock_sz002043"">兔宝宝</span><span id=""quote_sz002043""></span>  -0.35% 859.50万   2 603816 <span class=""showStock"" id=""stock_sh603816"">顾家家居</span><span id=""quote_sh603816""></span>  1.32% 335.31万   3 002718 <span class=""showStock"" id=""stock_sz002718"">友邦吊顶</span><span id=""quote_sz002718""></span>  2.19% 235.39万   4 002679 <span class=""showStock"" id=""stock_sz002679"">福建金森</span><span id=""quote_sz002679""></span>  0.51% 171.45万   5 300616 <span class=""showStock"" id=""stock_sz300616"">尚品宅配</span><span id=""quote_sz300616""></span>  -1.60% 128.61万   10 603833 <span class=""showStock"" id=""stock_sh603833"">欧派家居</span><span id=""quote_sh603833""></span>  -1.25% 27.66万     数据来源:<span id=""show_stock_str"" ></span>",欧派家居12月05日资金揭秘
13,12月05日 ,吉林股友,"12月04日<span class=""showStock"" id=""stock_sh603833"">欧派家居</span><span id=""quote_sh603833""></span>沪股通持仓数据     收盘价： 85.06 涨跌幅： 1.38%   持股量： 334.84万股 持股变化： 9322股      数据显示，截至12月04日<span class=""showStock"" id=""stock_sh603833"">欧派家居</span><span id=""quote_sh603833""></span>于沪股通持股量为334.84万股，占其A股股本比例为3.63%，比上一交易日增加9322股。据数据统计，该股近一个月内累计涨幅为6.33%，沪股通累计加仓31.09万，沪股通持仓累计变化比例为10.23%，近三个月内累计涨幅为-11.38%，沪股通累计加仓22.89万，沪股通持仓累计变化比例为7.34%。  数据来源:<span id=""show_stock_str"" ></span>",欧派家居12月04日获沪股通加仓9322
15,12月04日 ,安徽股友,"今日<span class=""showStock"" id=""stock_sh603833"">欧派家居</span><span id=""quote_sh603833""></span>主力净流入额达265.00万元，净占比8.24%， 其中超大单净流入额4.27万元,净占比0.13%， 大单净流入额260.73万元，净占比7.97%。       <span class=""showStock"" id=""stock_sh603833"">欧派家居</span><span id=""quote_sh603833""></span>资金流向数据    类型 流入(万元) 流出(万元)   超大 4.27 0.00   大单 486.55 -225.82   中单 1088.29 -936.41   小单 1693.51 -2110.40      资金解读   <span class=""showStock"" id=""stock_sh603833"">欧派家居</span><span id=""quote_sh603833""></span>收盘涨幅1.38%，  其中，成交最活跃的价格分别为85.64、85.80、85.67，成交密集的手数区间分布于10-15、30-50、20-30手，小单介入居多。   成交活跃统计 9:30-15:00 成交均价 83.97    成交价格 主买累计成交量 主卖累计成交量 主买占比 主卖占比   85.64 600 0 0.16% 0.00%   85.80 200 0 0.05% 0.00%   85.67 0 100 0.00% 0.03%   85.63 100 0 0.03% 0.00%   85.62 100 0 0.03% 0.00%     成交手数分布 主买累计成交量 主卖累计成交量 主买估算笔数 主卖估算笔数   10-15 6300 17053 420  1137    30-50 7100 6600 142  132    20-30 4200 4900 140  163    15-20 1800 6200 90  310    50-70 0 5500 0  79      左右拖动表格，可查看剩余表格内容 行业个股资金流    木业家具成分股主力净流入排行   序号 代码 名称 涨幅 主力净流入   1 002679 <span class=""showStock"" id=""stock_sz002679"">福建金森</span><span id=""quote_sz002679""></span>  -1.29% 1493.41万   2 002572 <span class=""showStock"" id=""stock_sz002572"">索菲亚</span><span id=""quote_sz002572""></span>  0.31% 1104.37万   3 603816 <span class=""showStock"" id=""stock_sh603816"">顾家家居</span><span id=""quote_sh603816""></span>  3.07% 601.57万   4 600265 <span class=""showStock"" id=""stock_sh600265"">ST景谷</span><span id=""quote_sh600265""></span>  4.66% 411.20万   5 600076 <span class=""showStock"" id=""stock_sh600076"">康欣新材</span><span id=""quote_sh600076""></span>  1.32% 275.14万   6 603833 <span class=""showStock"" id=""stock_sh603833"">欧派家居</span><span id=""quote_sh603833""></span>  1.38% 265.00万     数据来源:<span id=""show_stock_str"" ></span>",欧派家居12月04日资金揭秘
16,12月04日 ,吉林股友,12月03日欧派家居沪股通持仓数据     收盘价： 83.90 涨跌幅： 4.88%   持股量： 333.90万股 持股变化： -1.60万股      数据显示，截至12月03日欧派家居于沪股通持股量为333.90万股，占其A股股本比例为3.62%，比上一交易日减少1.60万股。据数据统计，该股近一个月内累计涨幅为4.88%，沪股通累计加仓30.16万，沪股通持仓累计变化比例为9.93%，近三个月内累计涨幅为-12.16%，沪股通累计加仓19.45万，沪股通持仓累计变化比例为6.19%。  数据来源:,欧派家居12月03日获沪股通减仓1.60万
17,12月03日 ,安徽股友,"今日欧派家居主力净流入额达337.36万元，净占比5.26%， 其中超大单净流入额-33.31万元,净占比-0.52%， 大单净流入额370.67万元，净占比5.83%。       欧派家居资金流向数据    类型 流入(万元) 流出(万元)   超大 107.62 -140.93   大单 1268.34 -897.67   中单 2138.98 -2315.07   小单 2839.12 -3000.39      资金解读   欧派家居收盘涨幅4.88%，  其中，成交最活跃的价格分别为85.38、85.39、85.47，成交密集的手数区间分布于15-20、30-50、20-30手，小单介入居多。   成交活跃统计 9:30-15:00 成交均价 82.91    成交价格 主买累计成交量 主卖累计成交量 主买占比 主卖占比   85.38 300 1200 0.04% 0.16%   85.39 0 700 0.00% 0.09%   85.47 100 400 0.01% 0.05%   85.48 0 200 0.00% 0.03%   85.36 100 0 0.01% 0.00%     成交手数分布 主买累计成交量 主卖累计成交量 主买估算笔数 主卖估算笔数   15-20 22633 11300 1132  565    30-50 12900 16800 258  336    20-30 8000 9000 267  300    50-70 0 11300 0  161    70-100 0 9100 0  91      左右拖动表格，可查看剩余表格内容 行业个股资金流    木业家具成分股主力净流入排行   序号 代码 名称 涨幅 主力净流入   1 600978 宜华生活  0.84% 1503.75万   2 002572 索菲亚  5.66% 1370.61万   3 603816 顾家家居  4.85% 929.16万   4 002798 帝欧家居  6.32% 816.74万   5 002679 福建金森  2.71% 460.89万   6 603833 欧派家居  4.88% 337.36万     数据来源:",欧派家居12月03日资金揭秘
18,12月01日 ,吉林股友,"11月30日<span class=""showStock"" id=""stock_sh603833"">欧派家居</span><span id=""quote_sh603833""></span>沪股通持仓数据     收盘价： 80.00 涨跌幅： 1.25%   持股量： 335.51万股 持股变化： -4.64万股      数据显示，截至11月30日<span class=""showStock"" id=""stock_sh603833"">欧派家居</span><span id=""quote_sh603833""></span>于沪股通持股量为335.51万股，占其A股股本比例为3.64%，比上一交易日减少4.64万股。据数据统计，该股近一个月内累计涨幅为8.65%，沪股通累计加仓32.80万，沪股通持仓累计变化比例为10.84%，近三个月内累计涨幅为-16.47%，沪股通累计加仓16.13万，沪股通持仓累计变化比例为5.05%。  数据来源:<span id=""show_stock_str"" ></span>",欧派家居11月30日获沪股通减仓4.64万
19,11月30日 ,安徽股友,"今日<span class=""showStock"" id=""stock_sh603833"">欧派家居</span><span id=""quote_sh603833""></span>主力净流入额达407.98万元，净占比7.61%， 其中超大单净流入额-10.27万元,净占比-0.21%， 大单净流入额418.25万元，净占比8.52%。       <span class=""showStock"" id=""stock_sh603833"">欧派家居</span><span id=""quote_sh603833""></span>资金流向数据    类型 流入(万元) 流出(万元)   超大 183.33 -193.60   大单 1032.93 -614.68   中单 1508.25 -1331.46   小单 2182.92 -2767.68      资金解读   <span class=""showStock"" id=""stock_sh603833"">欧派家居</span><span id=""quote_sh603833""></span>收盘涨幅1.25%，  其中，成交最活跃的价格分别为80.57、80.54、80.55，成交密集的手数区间分布于20-30、200-300、50-70手，小单介入居多。   成交活跃统计 9:30-15:00 成交均价 79.17    成交价格 主买累计成交量 主卖累计成交量 主买占比 主卖占比   80.57 100 4200 0.01% 0.62%   80.54 1000 0 0.15% 0.00%   80.55 300 0 0.04% 0.00%   80.60 200 0 0.03% 0.00%   80.84 100 0 0.01% 0.00%     成交手数分布 主买累计成交量 主卖累计成交量 主买估算笔数 主卖估算笔数   20-30 13933 42300 464  1410    200-300 23100 0 77  0    50-70 11400 11300 163  161    30-50 7067 11600 141  232    70-100 0 16700 0  167      左右拖动表格，可查看剩余表格内容 行业个股资金流    木业家具成分股主力净流入排行   序号 代码 名称 涨幅 主力净流入   1 603833 <span class=""showStock"" id=""stock_sh603833"">欧派家居</span><span id=""quote_sh603833""></span>  1.25% 407.98万   2 603180 <span class=""showStock"" id=""stock_sh603180"">金牌厨柜</span><span id=""quote_sh603180""></span>  3.13% 406.43万   3 002679 <span class=""showStock"" id=""stock_sz002679"">福建金森</span><span id=""quote_sz002679""></span>  -3.67% 238.18万   4 002572 <span class=""showStock"" id=""stock_sz002572"">索菲亚</span><span id=""quote_sz002572""></span>  0.05% 218.89万   5 603008 <span class=""showStock"" id=""stock_sh603008"">喜临门</span><span id=""quote_sh603008""></span>  1.60% 201.13万     数据来源:<span id=""show_stock_str"" ></span>",欧派家居11月30日资金揭秘
20,11月30日 ,吉林股友,11月29日欧派家居沪股通持仓数据     收盘价： 79.01 涨跌幅： -1.85%   持股量： 340.14万股 持股变化： -6.70万股      数据显示，截至11月29日欧派家居于沪股通持股量为340.14万股，占其A股股本比例为3.69%，比上一交易日减少6.70万股。据数据统计，该股近一个月内累计涨幅为14.37%，沪股通累计加仓35.09万，沪股通持仓累计变化比例为11.50%，近三个月内累计涨幅为-19.19%，沪股通累计加仓17.16万，沪股通持仓累计变化比例为5.31%。  数据来源:,欧派家居11月29日获沪股通减仓6.70万
21,11月29日 ,安徽股友,"今日<span class=""showStock"" id=""stock_sh603833"">欧派家居</span><span id=""quote_sh603833""></span>主力净流入额达74.62万元，净占比2.25%， 其中超大单净流入额0.00元,净占比0.00%， 大单净流入额74.62万元，净占比2.27%。       <span class=""showStock"" id=""stock_sh603833"">欧派家居</span><span id=""quote_sh603833""></span>资金流向数据    类型 流入(万元) 流出(万元)   超大 0.00 0.00   大单 311.55 -236.94   中单 787.34 -655.55   小单 2189.22 -2395.62      资金解读   <span class=""showStock"" id=""stock_sh603833"">欧派家居</span><span id=""quote_sh603833""></span>收盘涨幅-1.85%，  其中，成交最活跃的价格分别为81.80、81.92、82.00，成交密集的手数区间分布于10-15、15-20、50-70手，小单介入居多。   成交活跃统计 9:30-15:00 成交均价 80.03    成交价格 主买累计成交量 主卖累计成交量 主买占比 主卖占比   81.80 600 1100 0.15% 0.27%   81.92 800 0 0.19% 0.00%   82.00 200 0 0.05% 0.00%   81.86 200 0 0.05% 0.00%   81.91 100 0 0.02% 0.00%     成交手数分布 主买累计成交量 主卖累计成交量 主买估算笔数 主卖估算笔数   10-15 3400 14089 227  939    15-20 1700 11800 85  590    50-70 5500 5000 79  71    30-50 0 3274 0  65    20-30 0 2200 0  73      左右拖动表格，可查看剩余表格内容 行业个股资金流    木业家具成分股主力净流入排行   序号 代码 名称 涨幅 主力净流入   1 002679 <span class=""showStock"" id=""stock_sz002679"">福建金森</span><span id=""quote_sz002679""></span>  1.52% 1532.54万   2 600265 <span class=""showStock"" id=""stock_sh600265"">ST景谷</span><span id=""quote_sh600265""></span>  3.04% 426.73万   3 002043 <span class=""showStock"" id=""stock_sz002043"">兔宝宝</span><span id=""quote_sz002043""></span>  -1.97% 282.05万   4 600978 <span class=""showStock"" id=""stock_sh600978"">宜华生活</span><span id=""quote_sh600978""></span>  0.85% 266.77万   5 002631 <span class=""showStock"" id=""stock_sz002631"">德尔未来</span><span id=""quote_sz002631""></span>  -2.91% 137.58万   6 603833 <span class=""showStock"" id=""stock_sh603833"">欧派家居</span><span id=""quote_sh603833""></span>  -1.85% 74.62万     数据来源:<span id=""show_stock_str"" ></span>",欧派家居11月29日资金揭秘
22,11月29日 ,吉林股友,11月28日欧派家居沪股通持仓数据     收盘价： 80.50 涨跌幅： 0.52%   持股量： 346.85万股 持股变化： 1.51万股      数据显示，截至11月28日欧派家居于沪股通持股量为346.85万股，占其A股股本比例为3.76%，比上一交易日增加1.51万股。据数据统计，该股近一个月内累计涨幅为11.30%，沪股通累计加仓38.97万，沪股通持仓累计变化比例为12.66%，近三个月内累计涨幅为-18.28%，沪股通累计加仓37.21万，沪股通持仓累计变化比例为12.02%。  数据来源:,欧派家居11月28日获沪股通加仓1.51万
23,11月28日 ,安徽股友,"今日<span class=""showStock"" id=""stock_sh603833"">欧派家居</span><span id=""quote_sh603833""></span>主力净流入额达103.90万元，净占比2.67%， 其中超大单净流入额2.38万元,净占比0.06%， 大单净流入额101.52万元，净占比2.63%。       <span class=""showStock"" id=""stock_sh603833"">欧派家居</span><span id=""quote_sh603833""></span>资金流向数据    类型 流入(万元) 流出(万元)   超大 2.38 0.00   大单 456.44 -354.92   中单 1492.36 -1240.64   小单 1905.13 -2260.75      资金解读   <span class=""showStock"" id=""stock_sh603833"">欧派家居</span><span id=""quote_sh603833""></span>收盘涨幅0.52%，  其中，成交最活跃的价格分别为81.90、81.88、81.94，成交密集的手数区间分布于10-15、20-30、15-20手，小单介入居多。   成交活跃统计 9:30-15:00 成交均价 80.13    成交价格 主买累计成交量 主卖累计成交量 主买占比 主卖占比   81.90 400 0 0.08% 0.00%   81.88 300 0 0.06% 0.00%   81.94 200 0 0.04% 0.00%   81.93 100 0 0.02% 0.00%   81.91 100 0 0.02% 0.00%     成交手数分布 主买累计成交量 主卖累计成交量 主买估算笔数 主卖估算笔数   10-15 10100 13000 673  867    20-30 4500 8700 150  290    15-20 3100 9994 155  500    30-50 3500 8900 70  178    50-70 5000 0 71  0      左右拖动表格，可查看剩余表格内容 行业个股资金流    木业家具成分股主力净流入排行   序号 代码 名称 涨幅 主力净流入   1 600978 <span class=""showStock"" id=""stock_sh600978"">宜华生活</span><span id=""quote_sh600978""></span>  6.77% 1009.99万   2 002751 <span class=""showStock"" id=""stock_sz002751"">易尚展示</span><span id=""quote_sz002751""></span>  10.00% 614.11万   3 002679 <span class=""showStock"" id=""stock_sz002679"">福建金森</span><span id=""quote_sz002679""></span>  -3.11% 349.33万   4 603180 <span class=""showStock"" id=""stock_sh603180"">金牌厨柜</span><span id=""quote_sh603180""></span>  2.43% 261.25万   5 603816 <span class=""showStock"" id=""stock_sh603816"">顾家家居</span><span id=""quote_sh603816""></span>  1.20% 168.47万   8 603833 <span class=""showStock"" id=""stock_sh603833"">欧派家居</span><span id=""quote_sh603833""></span>  0.52% 103.90万     数据来源:<span id=""show_stock_str"" ></span>",欧派家居11月28日资金揭秘
24,11月28日 ,贵州股友,"【早盘核心概念】　 1.宝马高续航纯电动3系车将国产，相关公司有望受益：<span class=""showStock"" id=""stock_sh600699"">均胜电子</span><span id=""quote_sh600699""></span>、<span class=""showStock"" id=""stock_sz002055"">得润电子</span><span id=""quote_sz002055""></span>、<span class=""showStock"" id=""stock_sz002048"">宁波华翔</span><span id=""quote_sz002048""></span>、【<span class=""showStock"" id=""stock_sz002662"">京威股份</span><span id=""quote_sz002662""></span>(002662)、股吧】　　2.全球首个无人机操作标准草案出炉，明年纳入ISO标准体系：<span class=""showStock"" id=""stock_sz002577"">雷柏科技</span><span id=""quote_sz002577""></span>、<span class=""showStock"" id=""stock_sz002097"">山河智能</span><span id=""quote_sz002097""></span>、<span class=""showStock"" id=""stock_sz002664"">长鹰信质</span><span id=""quote_sz002664""></span>、【<span class=""showStock"" id=""stock_sz002829"">星网宇达</span><span id=""quote_sz002829""></span>(002829)、股吧】　　3.浙江百家企业抢滩科创板，本地创投企业赢先机：<span class=""showStock"" id=""stock_sz002226"">江南化工</span><span id=""quote_sz002226""></span>、<span class=""showStock"" id=""stock_sz002011"">盾安环境</span><span id=""quote_sz002011""></span>、<span class=""showStock"" id=""stock_sz300558"">贝达药业</span><span id=""quote_sz300558""></span>、<span class=""showStock"" id=""stock_sh600521"">华海药业</span><span id=""quote_sh600521""></span>　　4.广电网将参与5G建设，资质与牌照正在申请：<span class=""showStock"" id=""stock_sh600959"">江苏有线</span><span id=""quote_sh600959""></span>、<span class=""showStock"" id=""stock_sz000665"">湖北广电</span><span id=""quote_sz000665""></span>、<span class=""showStock"" id=""stock_sh600996"">贵广网络</span><span id=""quote_sh600996""></span>、<span class=""showStock"" id=""stock_sh600831"">广电网络</span><span id=""quote_sh600831""></span>综合解析： 昨日两市继续维持窄幅调整，各大指数的波动都极小，也可以理解为在方向未明朗前资金操作意愿不强。从盘面上看，早盘金融板块有所表现，午后又一次冲高回落，而题材板块方面只有5G表现稍好，创投概念内部则有很大分歧，个股剧烈分化，但尾盘又有所异动。结合晚间消息面来说，政策继续对科创企业一片暖风，各地都在加快摸底优秀企业，整个创投板块的机会仍然很大，短期休整后还有二次机会。昨天布局002848 <span class=""showStock"" id=""stock_sz002848"">高斯贝尔</span><span id=""quote_sz002848""></span> 继续冲高<span id=""show_stock_str"" ></span>",实事求是的原则一定要坚持
25,11月28日 ,吉林股友,"11月27日<span class=""showStock"" id=""stock_sh603833"">欧派家居</span><span id=""quote_sh603833""></span>沪股通持仓数据     收盘价： 80.08 涨跌幅： -0.02%   持股量： 345.34万股 持股变化： 11.55万股      数据显示，截至11月27日<span class=""showStock"" id=""stock_sh603833"">欧派家居</span><span id=""quote_sh603833""></span>于沪股通持股量为345.34万股，占其A股股本比例为3.74%，比上一交易日增加11.55万股。据数据统计，该股近一个月内累计涨幅为10.71%，沪股通累计加仓37.46万，沪股通持仓累计变化比例为12.17%，近三个月内累计涨幅为-22.96%，沪股通累计加仓30.18万，沪股通持仓累计变化比例为9.58%。  数据来源:<span id=""show_stock_str"" ></span>",欧派家居11月27日获沪股通加仓11.55万
26,11月27日 ,安徽股友,"今日欧派家居主力净流入额达87.93万元，净占比2.93%， 其中超大单净流入额-27.44万元,净占比-0.92%， 大单净流入额115.37万元，净占比3.85%。       欧派家居资金流向数据    类型 流入(万元) 流出(万元)   超大 31.59 -59.03   大单 304.43 -189.06   中单 490.35 -563.49   小单 2167.76 -2182.55      资金解读   欧派家居收盘涨幅-0.02%，  其中，成交最活跃的价格分别为82.00、82.43、82.40，成交密集的手数区间分布于30-50、20-30、50-70手，小单介入居多。   成交活跃统计 9:30-15:00 成交均价 80.19    成交价格 主买累计成交量 主卖累计成交量 主买占比 主卖占比   82.00 500 0 0.13% 0.00%   82.43 300 0 0.08% 0.00%   82.40 300 0 0.08% 0.00%   82.10 100 0 0.03% 0.00%   81.95 100 0 0.03% 0.00%     成交手数分布 主买累计成交量 主卖累计成交量 主买估算笔数 主卖估算笔数   30-50 7000 7600 140  152    20-30 2500 6000 83  200    50-70 0 5000 0  71    10-15 1400 2000 93  133    15-20 0 1800 0  90      左右拖动表格，可查看剩余表格内容 行业个股资金流    木业家具成分股主力净流入排行   序号 代码 名称 涨幅 主力净流入   1 002679 福建金森  2.01% 2405.19万   2 600337 美克家居  -1.90% 239.88万   3 002798 帝欧家居  0.98% 150.26万   4 601996 丰林集团  0.32% 98.85万   5 603833 欧派家居  -0.02% 87.93万     数据来源:",欧派家居11月27日资金揭秘
27,11月27日 ,吉林股友,"11月26日<span class=""showStock"" id=""stock_sh603833"">欧派家居</span><span id=""quote_sh603833""></span>沪股通持仓数据     收盘价： 80.10 涨跌幅： -2.83%   持股量： 333.79万股 持股变化： 4.01万股      数据显示，截至11月26日<span class=""showStock"" id=""stock_sh603833"">欧派家居</span><span id=""quote_sh603833""></span>于沪股通持股量为333.79万股，占其A股股本比例为3.62%，比上一交易日增加4.01万股。据数据统计，该股近一个月内累计涨幅为10.74%，沪股通累计加仓25.91万，沪股通持仓累计变化比例为8.42%，近三个月内累计涨幅为-19.78%，沪股通累计加仓15.81万，沪股通持仓累计变化比例为4.97%。  数据来源:<span id=""show_stock_str"" ></span>",欧派家居11月26日获沪股通加仓4.01万
28,11月24日 ,吉林股友,"11月23日<span class=""showStock"" id=""stock_sh603833"">欧派家居</span><span id=""quote_sh603833""></span>沪股通持仓数据     收盘价： 82.43 涨跌幅： 0.50%   持股量： 329.78万股 持股变化： 8.38万股      数据显示，截至11月23日<span class=""showStock"" id=""stock_sh603833"">欧派家居</span><span id=""quote_sh603833""></span>于沪股通持股量为329.78万股，占其A股股本比例为3.58%，比上一交易日增加8.38万股。据数据统计，该股近一个月内累计涨幅为9.08%，沪股通累计加仓21.48万，沪股通持仓累计变化比例为6.97%，近三个月内累计涨幅为-13.87%，沪股通累计加仓14.25万，沪股通持仓累计变化比例为4.52%。  数据来源:<span id=""show_stock_str"" ></span>",欧派家居11月23日获沪股通加仓8.38万
29,11月23日 ,吉林股友,11月22日欧派家居沪股通持仓数据     收盘价： 82.02 涨跌幅： -3.02%   持股量： 321.39万股 持股变化： 4.28万股      数据显示，截至11月22日欧派家居于沪股通持股量为321.39万股，占其A股股本比例为3.48%，比上一交易日增加4.28万股。据数据统计，该股近一个月内累计涨幅为3.04%，沪股通累计加仓14.18万，沪股通持仓累计变化比例为4.61%，近三个月内累计涨幅为-16.22%，沪股通累计加仓6.61万，沪股通持仓累计变化比例为2.10%。  数据来源:,欧派家居11月22日获沪股通加仓4.28万
30,11月22日 ,天津股友,欧派真是黑心店啊！全是套路，告诉你活动有套餐价，交了预约金后才发现订的套餐各种不适合，要升级板材什么的，直接给出了将近一倍的预算，好吧，欧派店量尺出设计图什么的都还没做，我退订金不做了行吧，告诉我退不了？！订金为什么不能退？！,欧派真是黑心店啊！全是套路，告诉你活动有套餐价
31,11月22日 ,吉林股友,11月21日欧派家居沪股通持仓数据     收盘价： 84.57 涨跌幅： -0.51%   持股量： 317.11万股 持股变化： 4.43万股      数据显示，截至11月21日欧派家居于沪股通持股量为317.11万股，占其A股股本比例为3.44%，比上一交易日增加4.43万股。据数据统计，该股近一个月内累计涨幅为10.62%，沪股通累计加仓7361，沪股通持仓累计变化比例为0.23%，近三个月内累计涨幅为-14.83%，沪股通累计加仓4.53万，沪股通持仓累计变化比例为1.45%。  数据来源:,欧派家居11月21日获沪股通加仓4.43万
32,11月21日 ,吉林股友,11月20日欧派家居沪股通持仓数据     收盘价： 85.00 涨跌幅： -2.51%   持股量： 312.68万股 持股变化： 2.09万股      数据显示，截至11月20日欧派家居于沪股通持股量为312.68万股，占其A股股本比例为3.39%，比上一交易日增加2.09万股。据数据统计，该股近一个月内累计涨幅为11.18%，沪股通累计减仓3.70万，沪股通持仓累计变化比例为-1.17%，近三个月内累计涨幅为-9.95%，沪股通累计加仓1.01万，沪股通持仓累计变化比例为0.32%。  数据来源:,欧派家居11月20日获沪股通加仓2.09万
33,10月15日 ,安徽股友,"今日欧派家居主力净流入额达-893.73万元，净占比-7.59%，          其中超大单净流入额-135.92万元,净占比-1.16%，          大单净流入额-757.81万元，净占比-6.46%。                                                                                                              欧派家居资金流向数据                                                                                类型                      流入(万元)                      流出(万元)                                                          超大                      0.00                      -135.92                                                          大单                      1609.08                      -2366.89                                                          中单                      5107.99                      -5001.71                                                          小单                      5008.94                      -4221.49                                                                资金解读                                  欧派家居收盘涨幅-9.23%，                              其中，成交最活跃的价格分别为83.60、83.69、83.57，成交密集的手数区间分布于20-30、30-50、15-20手，小单介入居多。                                                                        成交活跃统计          9:30-15:00 成交均价 78.23                                           成交价格                  主买累计成交量                  主卖累计成交量                  主买占比                  主卖占比                                              83.60                  5400                  0                  0.36%                  0.00%                                              83.69                  0                  2000                  0.00%                  0.13%                                              83.57                  500                  100                  0.03%                  0.01%                                              83.65                  0                  200                  0.00%                  0.01%                                              83.59                  100                  0                  0.01%                  0.00%                                                                  成交手数分布                  主买累计成交量                  主卖累计成交量                  主买估算笔数                  主卖估算笔数                                              20-30                  19800                  59100                  660                   1970                                               30-50                  3300                  64000                  66                   1280                                               15-20                  8300                  28096                  415                   1405                                               50-70                  5500                  15000                  79                   214                                               70-100                  0                  9877                  0                   99                                               左右拖动表格，可查看剩余表格内容          行业个股资金流                                                                木业家具成分股主力净流入排行                                                          序号                      代码                      名称                      涨幅                      主力净流入                                                          1                      603008                      喜临门                       10.03%                      477.77万                                                          2                      600076                      康欣新材                       0.79%                      396.90万                                                          3                      600337                      美克家居                       -0.46%                      287.46万                                                          4                      002853                      皮阿诺                       1.34%                      274.65万                                                          5                      002751                      易尚展示                       1.87%                      213.21万                                                          35                      603833                      欧派家居                       -9.23%                      -893.73万                                                      数据来源:",欧派家居10月15日资金揭秘
34,10月15日 ,内蒙古股友,龙头企业渠道优势持续凸显， 龙头企业积极与连锁家居卖场合作 ， 把握卖场中最优质的 。 龙头企业工程业务渐次展开： 随着精装房比例的持续提升 ， 与地产商合作的大宗业务成为重要的流量入口 ， 欧派 、 索菲亚等均与恒大地产 、 保利地产等龙头房地产开发商展开工程业务,大浪淘沙始到金
35,10月14日 ,贵州股友,根据最新指示，钒钛复市后，能涨到188元,66666
36,10月11日 ,安徽股友,"今日欧派家居主力净流入额达61.86万元，净占比1.55%，          其中超大单净流入额0.00元,净占比0.00%，          大单净流入额61.86万元，净占比1.57%。                                                                                                              欧派家居资金流向数据                                                                                类型                      流入(万元)                      流出(万元)                                                          超大                      0.00                      0.00                                                          大单                      421.08                      -359.22                                                          中单                      1168.83                      -1559.86                                                          小单                      2355.26                      -2026.09                                                                资金解读                                  欧派家居收盘涨幅-3.53%，                              其中，成交最活跃的价格分别为89.54、89.58、89.51，成交密集的手数区间分布于7-10、10-15、15-20手，小单介入居多。                                                                        成交活跃统计          9:30-15:00 成交均价 87.67                                           成交价格                  主买累计成交量                  主卖累计成交量                  主买占比                  主卖占比                                              89.54                  300                  0                  0.07%                  0.00%                                              89.58                  200                  0                  0.04%                  0.00%                                              89.51                  200                  0                  0.04%                  0.00%                                              89.65                  100                  0                  0.02%                  0.00%                                              89.53                  0                  100                  0.00%                  0.02%                                                                  成交手数分布                  主买累计成交量                  主卖累计成交量                  主买估算笔数                  主卖估算笔数                                              7-10                  9900                  17022                  990                   1702                                               10-15                  6800                  14600                  453                   973                                               15-20                  10000                  8300                  500                   415                                               20-30                  2000                  16100                  67                   537                                               30-50                  0                  11700                  0                   234                                               左右拖动表格，可查看剩余表格内容          行业个股资金流                                                                木业家具成分股主力净流入排行                                                          序号                      代码                      名称                      涨幅                      主力净流入                                                          1                      300749                      顶固集创                       10.00%                      12319.19万                                                          2                      603008                      喜临门                       -9.87%                      3568.94万                                                          3                      002853                      皮阿诺                       9.99%                      541.24万                                                          4                      002489                      浙江永强                       -6.81%                      129.92万                                                          5                      600337                      美克家居                       -5.40%                      121.36万                                                          6                      603833                      欧派家居                       -3.53%                      61.86万                                                      数据来源:",欧派家居10月11日资金揭秘
37,09月11日 ,"<a href='/u/3866104334' title='谁是涨停了'>谁是涨停了</a><a target=""_blank"" href=""http://guba.sina.com.cn/?s=user&a=apply_vip""><i title=""新浪个人认证 "" class=""W_ico16 approve""></i></a>",欧派家居(603833)9月10日晚间公告，公司拟通过全资子公司梅州欧派收购关联方姚良柏持有的梅州柘岭100%的股权，收购价格为2139.83万元。收购完成后，公司将间接持有中居和家10%股权及家居产业基金10%的份额。梅州柘岭尚需履行的后续出资义务合计2.83亿元，将由梅州欧派承接。通过本次收购，公司可以有效借助专业机构的投资能力、投资渠道及资源挖掘和整合能力，优化公司在家居产业的布局。,欧派家居：拟收购梅州柘岭100%股权 优化家居产业布局
